,name,github_id,github_url,homepage,license,created_at,updated_at,last_commit_pushed_at,commit_count,recent_commit_count,fork_count,watchers_count,pr_count,open_issue_count,closed_issue_count,star_count,latest_stable_release_published_at,latest_stable_release_number,github_release_downloads,monthly_downloads,release_count,description,dependent_project_count,github_dependent_project_count,contributor_count,projectrank,show,category,projectrank_placing,trending
0,brainflow,brainflow-dev/brainflow,https://github.com/brainflow-dev/brainflow,https://github.com/brainflow-dev/brainflow,MIT,2018-07-15 12:42:26,2024-08-15 14:39:54,2024-08-15 14:39:53,1347,13.0,317.0,30.0,416.0,25.0,231.0,1263,2024-08-12 21:38:45,5.13.1,222614.0,3838.0,92.0,"BrainFlow is a library intended to obtain, parse and analyze EEG, EMG, ECG and other kinds of data from biosensors.",297.0,297.0,52.0,30,True,others,1.0,
1,tpot,EpistasisLab/tpot,https://github.com/EpistasisLab/tpot,https://github.com/EpistasisLab/tpot,LGPL-3.0,2015-11-03 21:08:40,2024-07-25 10:51:05,2024-02-23 19:03:07,2440,,1529.0,287.0,434.0,279.0,639.0,9632,2024-02-23 19:05:48,0.12.2,,,30.0,A Python Automated Machine Learning tool that optimizes machine learning pipelines using genetic programming.,2897.0,2897.0,121.0,28,True,others,1.0,-1.0
2,mindspore,mindspore-ai/mindspore,https://github.com/mindspore-ai/mindspore,https://github.com/mindspore-ai/mindspore,Apache-2.0,2020-02-11 08:43:48,2024-07-29 01:48:05,2024-07-28 23:35:15,83896,2391.0,668.0,149.0,41.0,149.0,110.0,4195,,,,,,"MindSpore is a new open source deep learning training/inference framework that could be used for mobile, edge and..",,,1628.0,27,True,others,1.0,
3,pymoo,anyoptimization/pymoo,https://github.com/anyoptimization/pymoo,https://github.com/anyoptimization/pymoo,Apache-2.0,2017-09-19 21:52:39,2024-08-15 08:44:27,2024-08-01 04:55:21,956,18.0,376.0,31.0,93.0,16.0,390.0,2163,2024-07-31 04:57:29,0.6.1.3,,,13.0,"NSGA2, NSGA3, R-NSGA3, MOEAD, Genetic Algorithms (GA), Differential Evolution (DE), CMAES, PSO.",1188.0,1188.0,52.0,26,True,others,1.0,
4,ChatDev,OpenBMB/ChatDev,https://github.com/OpenBMB/ChatDev,https://github.com/OpenBMB/ChatDev,Apache-2.0,2023-08-28 02:18:13,2024-08-15 14:37:50,2024-08-10 14:28:44,438,32.0,3078.0,305.0,165.0,21.0,229.0,24818,2024-06-26 05:29:16,1.1.4,,,7.0,Create Customized Software using Natural Language Idea (through LLM-powered Multi-Agent Collaboration).,,,59.0,25,True,others,1.0,
5,deap,DEAP/deap,https://github.com/DEAP/deap,https://github.com/DEAP/deap,LGPL-3.0,2014-05-21 20:07:39,2024-08-10 02:46:11,2024-05-07 13:49:33,2334,,1096.0,192.0,238.0,230.0,285.0,5707,,,,,,Distributed Evolutionary Algorithms in Python.,5081.0,5081.0,88.0,25,True,others,1.0,
6,malmo,microsoft/malmo,https://github.com/microsoft/malmo,https://github.com/microsoft/malmo,MIT,2016-05-17 14:58:40,2023-12-04 09:23:11,2022-09-23 11:12:11,1770,,582.0,262.0,233.0,161.0,546.0,4051,2018-11-06 09:13:55,0.36.0,41701.0,421.0,21.0,Project Malmo is a platform for Artificial Intelligence experimentation and research built on top of Minecraft. We aim..,32.0,32.0,35.0,25,False,others,1.0,
7,vizier,google/vizier,https://github.com/google/vizier,https://github.com/google/vizier,Apache-2.0,2022-02-16 20:48:16,2024-08-15 16:43:45,2024-08-12 22:14:33,1113,52.0,71.0,21.0,1123.0,2.0,27.0,1200,2024-08-06 15:52:44,0.1.18,,,36.0,"Python-based research interface for blackbox and hyperparameter optimization, based on the internal Google Vizier..",55.0,55.0,23.0,25,True,others,1.0,
8,ck,mlcommons/ck,https://github.com/mlcommons/ck,https://github.com/mlcommons/ck,Apache-2.0,2014-11-05 17:14:43,2024-08-12 17:04:52,2024-08-12 16:50:54,8265,57.0,101.0,50.0,797.0,65.0,418.0,592,2024-08-12 16:54:28,cm-v2.3.5,8.0,0.0,100.0,"Collective Mind (CM) is a small, modular, cross-platform and decentralized workflow automation framework with a human-..",106.0,106.0,33.0,24,True,others,1.0,
9,scikit-opt,guofei9987/scikit-opt,https://github.com/guofei9987/scikit-opt,https://github.com/guofei9987/scikit-opt,MIT,2017-12-05 10:20:41,2024-06-23 12:28:48,2024-06-23 12:28:48,343,5.0,971.0,47.0,34.0,64.0,112.0,5126,2021-06-28 12:45:52,0.6.5,,,20.0,"Genetic Algorithm, Particle Swarm Optimization, Simulated Annealing, Ant Colony Optimization Algorithm,Immune..",215.0,215.0,24.0,23,True,others,1.0,
10,agentscope,modelscope/agentscope,https://github.com/modelscope/agentscope,https://github.com/modelscope/agentscope,Apache-2.0,2024-01-12 03:41:59,2024-08-15 09:18:41,2024-08-14 01:44:21,229,84.0,282.0,28.0,289.0,24.0,97.0,4465,2024-05-06 02:45:07,0.0.4,,,4.0,Start building LLM-empowered multi-agent applications in an easier way.,6.0,6.0,27.0,23,True,others,1.0,
11,GeneticAlgorithmPython,ahmedfgad/GeneticAlgorithmPython,https://github.com/ahmedfgad/GeneticAlgorithmPython,https://github.com/ahmedfgad/GeneticAlgorithmPython,BSD-3-Clause,2018-12-11 11:19:33,2024-07-17 07:38:56,2024-04-14 01:56:43,466,,449.0,28.0,90.0,87.0,71.0,1815,2024-02-17 21:05:43,3.3.1,895.0,17.0,37.0,"Source code of PyGAD, a Python 3 library for building the genetic algorithm and training machine learning algorithms..",612.0,612.0,23.0,23,True,others,1.0,-1.0
12,pyswarms,ljvmiranda921/pyswarms,https://github.com/ljvmiranda921/pyswarms,https://github.com/ljvmiranda921/pyswarms,MIT,2017-07-12 12:04:45,2024-08-06 17:18:34,2023-06-06 09:46:40,415,,332.0,39.0,302.0,30.0,200.0,1255,2020-11-14 05:18:38,.1.2.0,,,15.0,A research toolkit for particle swarm optimization in Python.,418.0,418.0,45.0,23,False,others,1.0,
13,camel,camel-ai/camel,https://github.com/camel-ai/camel,https://github.com/camel-ai/camel,Apache-2.0,2023-03-17 21:41:54,2024-08-15 14:20:53,2024-08-15 06:59:51,355,105.0,622.0,63.0,472.0,137.0,211.0,5164,2024-08-15 07:01:03,0.1.6.5,18.0,1.0,17.0,CAMEL: Finding the Scaling Law of Agents. A multi-agent framework. https://www.camel-ai.org.,7.0,7.0,40.0,22,True,others,1.0,
14,jMetalPy,jMetal/jMetalPy,https://github.com/jMetal/jMetalPy,https://github.com/jMetal/jMetalPy,MIT,2017-01-18 10:25:58,2024-07-09 09:59:03,2024-07-09 09:59:01,1174,39.0,146.0,22.0,70.0,5.0,99.0,505,2024-05-29 15:49:17,1.7.0,93.0,1.0,8.0,A framework for single/multi-objective optimization with metaheuristics.,88.0,88.0,33.0,22,True,others,1.0,
15,hivemind,learning-at-home/hivemind,https://github.com/learning-at-home/hivemind,https://github.com/learning-at-home/hivemind,MIT,2020-02-27 13:50:19,2024-07-16 07:33:35,2024-07-15 22:10:03,578,7.0,147.0,56.0,463.0,58.0,102.0,1968,2023-08-31 20:07:52,1.1.10,,,25.0,Decentralized deep learning in PyTorch. Built to train models on thousands of volunteers across the world.,107.0,107.0,32.0,21,True,others,1.0,
16,gplearn,trevorstephens/gplearn,https://github.com/trevorstephens/gplearn,https://github.com/trevorstephens/gplearn,BSD-3-Clause,2015-03-26 01:01:14,2023-11-29 15:04:03,2023-08-12 06:34:27,161,,271.0,51.0,87.0,22.0,191.0,1576,2022-05-03 10:56:08,0.4.2,,,1.0,"Genetic Programming in Python, with a scikit-learn inspired API.",619.0,619.0,10.0,21,True,others,1.0,
17,Gradient-Free-Optimizers,SimonBlanke/Gradient-Free-Optimizers,https://github.com/SimonBlanke/Gradient-Free-Optimizers,https://github.com/SimonBlanke/Gradient-Free-Optimizers,MIT,2020-04-04 06:35:55,2024-08-15 14:19:48,2024-08-15 14:19:39,865,62.0,80.0,21.0,5.0,11.0,34.0,1187,2024-08-14 15:05:08,1.6.0,35.0,1.0,6.0,"Simple and reliable optimization with local, global, population-based and sequential techniques in numerical discrete..",34.0,34.0,7.0,21,True,others,1.0,
18,pycma,CMA-ES/pycma,https://github.com/CMA-ES/pycma,https://github.com/CMA-ES/pycma,,2016-09-22 13:55:01,2024-08-15 17:49:37,2024-08-15 17:49:37,860,21.0,177.0,16.0,27.0,41.0,189.0,1067,2024-07-27 13:37:28,r3.4.0,,,13.0,Python implementation of CMA-ES.,1954.0,1954.0,15.0,21,False,others,1.0,
19,nengo,nengo/nengo,https://github.com/nengo/nengo,https://github.com/nengo/nengo,,2013-04-20 18:46:06,2024-02-28 20:13:02,2023-11-17 15:42:30,1756,,171.0,75.0,925.0,120.0,647.0,815,2023-11-17 15:28:21,4.0.0,,,21.0,A Python library for creating and simulating large-scale brain models.,224.0,224.0,42.0,21,False,others,1.0,
20,pagmo2,esa/pagmo2,https://github.com/esa/pagmo2,https://github.com/esa/pagmo2,GPL-3.0,2017-01-08 21:53:43,2024-08-12 08:28:46,2024-08-12 08:25:04,4626,13.0,156.0,34.0,315.0,40.0,194.0,812,2024-08-09 18:47:03,2.19.1,,,26.0,A C++ platform to perform parallel computations of optimisation tasks (global and local) via the asynchronous..,,,60.0,21,True,others,1.0,2.0
21,FEDOT,aimclub/FEDOT,https://github.com/aimclub/FEDOT,https://github.com/aimclub/FEDOT,BSD-3-Clause,2020-01-13 12:48:37,2024-08-15 14:20:36,2024-08-12 12:26:42,887,14.0,86.0,10.0,753.0,95.0,447.0,627,2024-05-03 16:06:47,0.7.3.2,,,17.0,Automated modeling and machine learning framework FEDOT.,52.0,52.0,34.0,21,True,others,1.0,
22,concordia,google-deepmind/concordia,https://github.com/google-deepmind/concordia,https://github.com/google-deepmind/concordia,Apache-2.0,2023-11-21 13:34:11,2024-08-14 12:17:33,2024-08-14 12:16:34,489,244.0,63.0,18.0,50.0,4.0,21.0,461,2024-06-11 19:45:39,1.6.0,,,8.0,A library for generative social simulation.,5.0,5.0,14.0,20,True,others,2.0,
23,NiaPy,NiaOrg/NiaPy,https://github.com/NiaOrg/NiaPy,https://github.com/NiaOrg/NiaPy,MIT,2018-02-06 11:25:36,2024-08-13 05:26:50,2024-07-10 10:42:08,1512,2.0,77.0,11.0,452.0,9.0,91.0,256,2024-05-17 08:30:57,2.3.1,,,32.0,Python microframework for building nature-inspired algorithms. Official docs: https://niapy.org.,88.0,88.0,32.0,20,True,others,2.0,-2.0
24,pyribs,icaros-usc/pyribs,https://github.com/icaros-usc/pyribs,https://github.com/icaros-usc/pyribs,MIT,2020-09-10 07:47:17,2024-08-03 20:13:47,2024-07-19 02:40:46,460,16.0,31.0,13.0,380.0,18.0,89.0,208,2024-03-14 09:44:26,0.7.1,,,14.0,A bare-bones Python library for quality diversity optimization.,52.0,52.0,15.0,20,True,others,2.0,
25,evox,EMI-Group/evox,https://github.com/EMI-Group/evox,https://github.com/EMI-Group/evox,BSD-3-Clause,2022-07-27 03:11:41,2024-08-08 07:30:34,2024-08-06 13:18:20,1151,51.0,30.0,3.0,116.0,,27.0,174,2024-04-23 13:55:13,0.8.1,,,15.0,Distributed GPU-Accelerated Framework for Evolutionary Computation. Comprehensive Library of Evolutionary Algorithms &..,2.0,2.0,23.0,20,True,others,2.0,
26,HEBO,huawei-noah/HEBO,https://github.com/huawei-noah/HEBO,https://github.com/huawei-noah/HEBO,,2021-09-10 06:02:05,2024-08-14 00:02:24,2024-08-13 23:59:23,214,7.0,563.0,337.0,39.0,13.0,34.0,3149,,,,,1.0,Bayesian optimisation & Reinforcement Learning library developped by Huawei Noahs Ark Lab.,114.0,114.0,21.0,19,False,others,2.0,
27,lion-pytorch,lucidrains/lion-pytorch,https://github.com/lucidrains/lion-pytorch,https://github.com/lucidrains/lion-pytorch,MIT,2023-02-15 04:24:19,2024-06-15 16:29:11,2024-06-15 16:29:09,45,4.0,46.0,15.0,8.0,8.0,15.0,1983,2024-06-15 16:27:50,0.2.2,,,14.0,"Lion, new optimizer discovered by Google Brain using genetic algorithms that is purportedly better than Adam(w), in..",626.0,626.0,5.0,19,True,others,2.0,
28,geatpy,geatpy-dev/geatpy,https://github.com/geatpy-dev/geatpy,https://github.com/geatpy-dev/geatpy,LGPL-3.0,2018-08-23 13:26:31,2024-08-04 07:40:16,2024-07-13 06:09:46,398,7.0,720.0,46.0,8.0,148.0,213.0,1974,2022-01-09 08:11:32,2.7.0,4333.0,139.0,2.0,Evolutionary algorithm toolbox and framework with high performance for Python.,,,6.0,19,True,others,2.0,
29,mealpy,thieu1995/mealpy,https://github.com/thieu1995/mealpy,https://github.com/thieu1995/mealpy,GPL-3.0,2020-03-16 10:16:54,2024-07-26 14:16:34,2024-06-12 15:50:21,1759,7.0,169.0,13.0,22.0,7.0,133.0,848,2023-11-05 09:30:19,3.0.1,,,56.0,A Collection Of The State-of-the-art Metaheuristic Algorithms In Python (Metaheuristic/Optimizer/Nature-..,90.0,90.0,14.0,19,True,others,2.0,
30,pypop,Evolutionary-Intelligence/pypop,https://github.com/Evolutionary-Intelligence/pypop,https://github.com/Evolutionary-Intelligence/pypop,GPL-3.0,2021-01-26 14:55:43,2024-08-15 17:25:21,2024-08-15 17:25:21,7327,1870.0,26.0,5.0,419.0,1.0,8.0,188,2024-07-12 08:42:09,0.0.82,,,3.0,"PyPop7: A Pure-Python Library for POPulation-based Black-Box Optimization (BBO), especially their *Large-Scale*..",,,13.0,19,True,others,2.0,
31,ann-benchmarks,erikbern/ann-benchmarks,https://github.com/erikbern/ann-benchmarks,https://github.com/erikbern/ann-benchmarks,MIT,2015-05-28 13:21:43,2024-08-06 12:14:15,2024-08-02 03:16:13,1565,8.0,692.0,116.0,335.0,61.0,145.0,4804,,,,,,Benchmarks of approximate nearest neighbor libraries in Python.,,,108.0,18,True,others,2.0,
32,triangula,rh12503/triangula,https://github.com/rh12503/triangula,https://github.com/rh12503/triangula,MIT,2021-04-02 12:38:24,2021-09-02 02:11:07,2021-09-02 02:11:07,100,,122.0,43.0,3.0,8.0,13.0,3847,2021-05-21 12:57:14,1.2.0,6349.0,158.0,5.0,Generate high-quality triangulated and polygonal art from images.,11.0,11.0,3.0,18,False,others,2.0,
33,theseus,facebookresearch/theseus,https://github.com/facebookresearch/theseus,https://github.com/facebookresearch/theseus,MIT,2021-11-18 20:28:27,2024-01-15 14:12:21,2024-01-15 14:12:18,348,,118.0,31.0,415.0,68.0,119.0,1690,2023-07-21 16:34:51,0.2.1,,,9.0,A library for differentiable nonlinear optimization.,4.0,4.0,25.0,18,True,others,2.0,
34,sklearn-deap,rsteca/sklearn-deap,https://github.com/rsteca/sklearn-deap,https://github.com/rsteca/sklearn-deap,MIT,2015-10-28 22:52:34,2024-02-10 07:16:54,2021-07-30 15:06:27,104,,127.0,30.0,29.0,19.0,34.0,770,2021-07-30 15:07:28,0.3.0,,,14.0,Use evolutionary algorithms instead of gridsearch in scikit-learn.,46.0,46.0,23.0,18,False,others,2.0,
35,minerl,minerllabs/minerl,https://github.com/minerllabs/minerl,https://github.com/minerllabs/minerl,,2019-04-23 16:55:21,2024-08-10 09:31:43,2024-07-25 22:29:12,794,6.0,146.0,19.0,305.0,212.0,263.0,668,2023-08-23 21:30:19,1.0.2,,,7.0,MineRL Competition for Sample Efficient Reinforcement Learning - Python Package.,129.0,129.0,46.0,18,False,others,2.0,
36,propulate,Helmholtz-AI-Energy/propulate,https://github.com/Helmholtz-AI-Energy/propulate,https://github.com/Helmholtz-AI-Energy/propulate,BSD-3-Clause,2022-05-24 08:19:12,2024-08-15 13:02:14,2024-08-15 13:02:14,965,85.0,5.0,3.0,42.0,51.0,56.0,31,2024-06-08 06:31:25,1.2.2,,,4.0,Propulate is an asynchronous evolutionary optimization algorithm and software package for global optimization and..,3.0,3.0,23.0,18,False,others,2.0,
37,Lenia,Chakazul/Lenia,https://github.com/Chakazul/Lenia,https://github.com/Chakazul/Lenia,MIT,2018-02-25 05:51:46,2024-07-19 08:43:34,2022-03-15 17:08:40,174,,218.0,91.0,12.0,4.0,11.0,3518,2020-10-14 17:52:12,3.5,1595.0,34.0,2.0,Lenia - Mathematical Life Forms.,,,9.0,17,False,others,2.0,
38,eaopt,MaxHalford/eaopt,https://github.com/MaxHalford/eaopt,https://github.com/MaxHalford/eaopt,MIT,2016-01-31 00:04:52,2024-03-07 11:26:39,2024-03-07 11:26:38,348,,96.0,31.0,34.0,8.0,14.0,881,2017-11-28 19:51:38,0.4.1,,,9.0,"Evolutionary optimization library for Go (genetic algorithm, partical swarm optimization, differential evolution).",47.0,47.0,18.0,17,True,others,2.0,
39,evosax,RobertTLange/evosax,https://github.com/RobertTLange/evosax,https://github.com/RobertTLange/evosax,Apache-2.0,2020-12-30 14:14:37,2024-05-12 10:11:05,2024-05-12 10:11:05,278,,42.0,10.0,32.0,15.0,25.0,470,2024-03-06 17:13:36,.0.1.6,,,16.0,Evolution Strategies in JAX.,81.0,81.0,7.0,17,True,others,2.0,
40,cmaes,CyberAgentAILab/cmaes,https://github.com/CyberAgentAILab/cmaes,https://github.com/CyberAgentAILab/cmaes,MIT,2020-01-30 20:13:13,2024-08-13 06:45:49,2024-08-13 06:43:52,471,16.0,57.0,13.0,149.0,5.0,31.0,344,2024-08-13 07:03:53,0.11.1,216.0,3.0,19.0,Python library for CMA Evolution Strategy.,,,8.0,17,True,others,2.0,
41,Sklearn-genetic-opt,rodrigo-arenas/Sklearn-genetic-opt,https://github.com/rodrigo-arenas/Sklearn-genetic-opt,https://github.com/rodrigo-arenas/Sklearn-genetic-opt,MIT,2020-01-18 19:16:48,2024-05-07 15:32:16,2024-05-07 15:32:16,486,,73.0,5.0,89.0,3.0,60.0,293,2023-03-15 01:37:40,0.10.1,,,16.0,"ML hyperparameters tuning and features selection, using evolutionary algorithms.",49.0,49.0,14.0,17,True,others,2.0,
42,evogym,EvolutionGym/evogym,https://github.com/EvolutionGym/evogym,https://github.com/EvolutionGym/evogym,MIT,2022-01-26 17:56:55,2024-08-10 18:55:41,2024-07-09 01:30:25,59,25.0,31.0,8.0,18.0,,27.0,188,2024-08-10 18:55:41,2.0.0,,,2.0,"A large-scale benchmark for co-optimizing the design and control of soft robots, as seen in NeurIPS 2021.",3.0,3.0,3.0,17,True,others,2.0,4.0
43,ngc-learn,NACLab/ngc-learn,https://github.com/NACLab/ngc-learn,https://github.com/NACLab/ngc-learn,BSD-3-Clause,2022-04-19 21:20:05,2024-08-11 05:18:59,2024-08-01 13:53:05,1110,299.0,17.0,6.0,54.0,3.0,7.0,103,2024-06-20 18:51:24,1.2.0-beta,,,7.0,NGC-Learn: Neurobiological Learning and Biomimetic Systems Simulation in Python.,1.0,1.0,10.0,17,True,others,2.0,
44,NIR,neuromorphs/NIR,https://github.com/neuromorphs/NIR,https://github.com/neuromorphs/NIR,BSD-3-Clause,2023-07-01 20:27:43,2024-08-15 15:02:05,2024-07-16 08:57:23,223,7.0,7.0,12.0,77.0,8.0,27.0,67,2024-04-24 15:30:07,1.0.4,,,12.0,Neuromorphic Intermediate Representation reference implementation.,49.0,49.0,14.0,17,False,others,2.0,
45,PlatEMO,BIMK/PlatEMO,https://github.com/BIMK/PlatEMO,https://github.com/BIMK/PlatEMO,,2018-10-12 14:25:39,2024-07-10 02:37:11,2024-07-10 02:36:59,339,4.0,453.0,45.0,56.0,69.0,37.0,1535,2024-05-08 01:59:38,4.7,1116.0,15.0,26.0,Evolutionary multi-objective optimization platform.,,,12.0,16,False,others,2.0,
46,pygmo2,esa/pygmo2,https://github.com/esa/pygmo2,https://github.com/esa/pygmo2,MPL-2.0,2020-01-07 09:22:45,2024-08-10 11:03:52,2024-08-10 11:03:52,607,5.0,56.0,10.0,62.0,36.0,57.0,429,2024-08-09 18:53:13,2.19.7,,,14.0,A Python platform to perform parallel computations of optimisation tasks (global and local) via the asynchronous..,,,10.0,16,True,others,2.0,
47,QDax,adaptive-intelligent-robotics/QDax,https://github.com/adaptive-intelligent-robotics/QDax,https://github.com/adaptive-intelligent-robotics/QDax,MIT,2022-02-11 15:48:57,2024-08-01 08:48:24,2024-07-12 18:07:12,159,1.0,39.0,6.0,118.0,22.0,44.0,256,2024-01-26 08:33:02,0.3.0,,,6.0,Accelerated Quality-Diversity.,10.0,10.0,13.0,16,True,others,2.0,
48,sotopia,sotopia-lab/sotopia,https://github.com/sotopia-lab/sotopia,https://github.com/sotopia-lab/sotopia,MIT,2023-10-23 19:47:26,2024-08-15 17:52:45,2024-08-13 19:50:52,228,45.0,17.0,2.0,102.0,13.0,47.0,136,2024-06-27 15:51:38,0.0.11,,,6.0,Sotopia: an Open-ended Social Learning Environment (ICLR 2024 spotlight).,5.0,5.0,11.0,16,True,others,2.0,
49,DEHB,automl/DEHB,https://github.com/automl/DEHB,https://github.com/automl/DEHB,Apache-2.0,2020-07-28 21:13:24,2024-08-12 11:54:18,2024-08-12 11:50:23,420,56.0,15.0,10.0,61.0,11.0,25.0,68,2024-07-11 13:01:56,0.1.2,32.0,2.0,5.0,,15.0,15.0,10.0,16,False,others,2.0,
50,NiaAML,firefly-cpp/NiaAML,https://github.com/firefly-cpp/NiaAML,https://github.com/firefly-cpp/NiaAML,MIT,2020-08-21 17:03:06,2024-06-12 12:17:58,2024-06-12 11:21:02,344,5.0,11.0,3.0,65.0,3.0,28.0,29,2024-06-12 12:17:58,2.1.0,,,32.0,Python automated machine learning framework.,27.0,27.0,10.0,16,False,others,2.0,
51,cambrian,cambrian-mllm/cambrian,https://github.com/cambrian-mllm/cambrian,https://github.com/cambrian-mllm/cambrian,Apache-2.0,2024-06-17 07:00:41,2024-08-03 03:22:59,2024-07-06 04:15:18,44,44.0,103.0,23.0,9.0,31.0,28.0,1653,,,,,,Cambrian-1 is a family of multimodal LLMs with a vision-centric design.,2.0,2.0,4.0,15,True,others,2.0,
52,dreamerv3,danijar/dreamerv3,https://github.com/danijar/dreamerv3,https://github.com/danijar/dreamerv3,MIT,2023-01-14 12:08:18,2024-07-29 22:55:04,2024-07-29 22:55:03,22,2.0,206.0,26.0,23.0,29.0,98.0,1209,,,,,,Mastering Diverse Domains through World Models.,5.0,5.0,10.0,15,True,others,2.0,
53,evotorch,nnaisense/evotorch,https://github.com/nnaisense/evotorch,https://github.com/nnaisense/evotorch,Apache-2.0,2022-08-08 18:03:06,2024-08-05 21:39:20,2024-08-03 20:58:17,74,11.0,60.0,16.0,71.0,9.0,33.0,993,2023-11-02 11:09:00,0.5.1,,,8.0,"Advanced evolutionary computation library built directly on top of PyTorch, created at NNAISENSE.",,,6.0,15,True,others,2.0,
54,evo,evo-design/evo,https://github.com/evo-design/evo,https://github.com/evo-design/evo,Apache-2.0,2024-02-17 19:11:33,2024-07-25 22:05:43,2024-07-25 22:05:43,34,3.0,104.0,18.0,24.0,17.0,29.0,909,2024-04-30 22:35:35,0.1.2,,,2.0,Biological foundation modeling from molecular to genome scale.,2.0,2.0,8.0,15,True,others,2.0,
55,evojax,google/evojax,https://github.com/google/evojax,https://github.com/google/evojax,Apache-2.0,2021-12-07 00:30:07,2024-06-27 07:32:19,2024-06-27 07:26:43,298,4.0,74.0,23.0,47.0,11.0,17.0,819,,,,,19.0,,23.0,23.0,14.0,15,False,others,2.0,
56,OpenELM,CarperAI/OpenELM,https://github.com/CarperAI/OpenELM,https://github.com/CarperAI/OpenELM,MIT,2022-09-03 12:53:16,2023-11-15 11:36:05,2023-10-21 16:25:10,124,,83.0,25.0,64.0,6.0,5.0,681,2023-03-08 01:35:37,0.2.1,,,6.0,Evolution Through Large Models.,13.0,13.0,9.0,15,True,others,2.0,
57,opytimizer,gugarosa/opytimizer,https://github.com/gugarosa/opytimizer,https://github.com/gugarosa/opytimizer,Apache-2.0,2017-11-01 16:04:01,2023-12-21 13:50:16,2023-12-21 13:50:13,819,,40.0,15.0,18.0,1.0,20.0,597,2023-09-22 14:58:06,3.1.3,,,27.0,Opytimizer is a Python library consisting of meta-heuristic optimization algorithms.,17.0,17.0,4.0,15,True,others,2.0,
58,Craftax,MichaelTMatthews/Craftax,https://github.com/MichaelTMatthews/Craftax,https://github.com/MichaelTMatthews/Craftax,MIT,2024-02-02 10:56:30,2024-07-16 16:48:10,2024-07-16 16:41:58,78,11.0,15.0,3.0,16.0,,12.0,180,2024-06-11 13:43:40,1.4.3,,,10.0,(Crafter + NetHack) in JAX. ICML 2024 Spotlight.,6.0,6.0,8.0,15,True,others,2.0,
59,xland-minigrid,corl-team/xland-minigrid,https://github.com/corl-team/xland-minigrid,https://github.com/corl-team/xland-minigrid,Apache-2.0,2023-12-01 17:14:25,2024-08-13 18:02:14,2024-08-13 17:35:18,60,11.0,14.0,9.0,19.0,4.0,11.0,174,2024-08-01 11:28:20,0.9.0,,,5.0,JAX-accelerated Meta-Reinforcement Learning Environments Inspired by XLand and MiniGrid.,7.0,7.0,5.0,15,True,others,2.0,
60,multi-agent-emergence-environments,openai/multi-agent-emergence-environments,https://github.com/openai/multi-agent-emergence-environments,https://github.com/openai/multi-agent-emergence-environments,MIT,2019-08-12 22:59:09,2024-07-30 20:54:31,2020-11-11 03:42:31,7,,300.0,188.0,21.0,23.0,8.0,1617,,,,,,Environment generation code for the paper Emergent Tool Use From Multi-Agent Autocurricula.,,,3.0,14,False,others,2.0,
61,brain-tokyo-workshop,google/brain-tokyo-workshop,https://github.com/google/brain-tokyo-workshop,https://github.com/google/brain-tokyo-workshop,Apache-2.0,2019-07-10 06:47:40,2024-07-09 17:49:39,2022-06-22 21:53:53,101,,318.0,38.0,94.0,14.0,13.0,1239,,,,,,,,,12.0,14,False,others,2.0,
62,mindcraft,kolbytn/mindcraft,https://github.com/kolbytn/mindcraft,https://github.com/kolbytn/mindcraft,MIT,2023-08-16 06:39:59,2024-08-06 12:36:58,2024-06-24 16:21:08,311,43.0,69.0,19.0,67.0,25.0,42.0,555,,,,,,,,,6.0,14,False,others,2.0,
63,swarmlib,HaaLeo/swarmlib,https://github.com/HaaLeo/swarmlib,https://github.com/HaaLeo/swarmlib,BSD-3-Clause,2018-11-04 16:47:18,2020-12-16 20:47:50,2020-12-16 20:46:22,246,,106.0,10.0,20.0,11.0,14.0,495,2020-12-16 20:49:37,0.14.1,199.0,2.0,23.0,This repository implements several swarm optimization algorithms and visualizes them. Implemented algorithms: Particle..,20.0,20.0,7.0,14,False,others,2.0,
64,EvoloPy,7ossam81/EvoloPy,https://github.com/7ossam81/EvoloPy,https://github.com/7ossam81/EvoloPy,Apache-2.0,2016-05-18 11:03:21,2024-05-26 18:38:49,2024-05-26 18:38:43,197,9.0,214.0,23.0,32.0,23.0,22.0,435,,,,,,EvoloPy toolbox provides classical and recent nature-inspired metaheuristic for the global optimization.,,,11.0,14,True,others,2.0,
65,crafter,danijar/crafter,https://github.com/danijar/crafter,https://github.com/danijar/crafter,MIT,2021-03-10 00:37:31,2024-01-23 23:33:05,2023-12-13 20:12:42,161,,58.0,9.0,7.0,5.0,16.0,368,,,,,,Benchmarking the Spectrum of Agent Capabilities.,174.0,174.0,4.0,14,True,others,2.0,
66,symbiants,MeoMix/symbiants,https://github.com/MeoMix/symbiants,https://github.com/MeoMix/symbiants,Apache-2.0,2023-02-25 01:48:23,2024-08-13 01:44:10,2024-08-13 01:39:25,690,46.0,3.0,3.0,8.0,19.0,28.0,206,,,,,,Ant Colony Sim + Daily Mental Health Exercises.,,,3.0,14,True,others,2.0,4.0
67,FireflyAlgorithm,firefly-cpp/FireflyAlgorithm,https://github.com/firefly-cpp/FireflyAlgorithm,https://github.com/firefly-cpp/FireflyAlgorithm,MIT,2017-01-02 10:43:04,2024-08-08 12:04:48,2024-08-08 12:00:49,110,4.0,27.0,4.0,15.0,,6.0,59,2024-08-08 12:04:48,0.4.5,,,17.0,Implementation of Firefly Algorithm in Python.,3.0,3.0,6.0,14,False,others,2.0,
68,biosim4,davidrmiller/biosim4,https://github.com/davidrmiller/biosim4,https://github.com/davidrmiller/biosim4,,2021-09-18 09:20:11,2024-07-22 05:32:25,2022-11-22 18:11:44,56,,438.0,86.0,43.0,36.0,24.0,3129,,,,,,Biological evolution simulator.,,,12.0,13,False,others,2.0,
69,CleverAlgorithms,clever-algorithms/CleverAlgorithms,https://github.com/clever-algorithms/CleverAlgorithms,https://github.com/clever-algorithms/CleverAlgorithms,,2010-01-02 01:57:17,2020-05-26 22:16:38,2020-05-26 22:16:37,1682,,298.0,110.0,14.0,,,2019,,,,,,Clever Algorithms: Nature-Inspired Programming Recipes.,,,9.0,13,False,others,2.0,
70,optim,kthohr/optim,https://github.com/kthohr/optim,https://github.com/kthohr/optim,Apache-2.0,2017-06-14 01:31:47,2024-04-28 14:30:24,2024-04-28 14:30:23,307,,131.0,38.0,10.0,5.0,53.0,803,,,,,,OptimLib: a lightweight C++ library of numerical optimization methods for nonlinear functions.,,,3.0,13,True,others,2.0,
71,EC-Bestiary,fcampelo/EC-Bestiary,https://github.com/fcampelo/EC-Bestiary,https://github.com/fcampelo/EC-Bestiary,,2016-03-26 02:55:34,2024-04-25 15:23:43,2024-04-25 15:23:35,236,,64.0,37.0,11.0,66.0,103.0,591,2018-06-20 07:55:06,2.0.1,,,2.0,"A bestiary of evolutionary, swarm and other metaphor-based algorithms.",,,6.0,13,False,others,2.0,
72,Platypus,Project-Platypus/Platypus,https://github.com/Project-Platypus/Platypus,https://github.com/Project-Platypus/Platypus,GPL-3.0,2015-10-09 19:19:17,2024-01-25 14:47:12,2024-01-25 14:47:05,270,,148.0,19.0,49.0,,175.0,558,2024-01-15 16:11:11,1.2.0,18.0,0.0,6.0,A Free and Open Source Python Library for Multiobjective Optimization.,,,19.0,13,True,others,2.0,
73,topy,williamhunter/topy,https://github.com/williamhunter/topy,https://github.com/williamhunter/topy,,2015-09-11 09:55:30,2022-08-31 11:37:33,2022-08-31 11:37:33,183,,126.0,34.0,22.0,11.0,26.0,469,2020-05-01 12:04:08,0.4.1,544.0,5.0,7.0,Topology Optimization using Python.,,,11.0,13,False,others,2.0,
74,DeepSwarm,Pattio/DeepSwarm,https://github.com/Pattio/DeepSwarm,https://github.com/Pattio/DeepSwarm,MIT,2018-12-31 14:06:41,2021-03-25 22:37:52,2019-07-15 18:47:10,133,,37.0,16.0,1.0,4.0,6.0,318,2019-05-24 10:34:32,0.0.9,,,3.0,Neural Architecture Search Powered by Swarm Intelligence.,5.0,5.0,,13,False,others,2.0,
75,cellpylib,lantunes/cellpylib,https://github.com/lantunes/cellpylib,https://github.com/lantunes/cellpylib,Apache-2.0,2018-03-24 16:33:15,2023-02-21 12:34:45,2023-02-21 12:34:28,183,,31.0,8.0,10.0,6.0,19.0,223,,,,,,"A library for working with Cellular Automata, for Python.",29.0,29.0,3.0,13,False,others,2.0,
76,timeflux,timeflux/timeflux,https://github.com/timeflux/timeflux,https://github.com/timeflux/timeflux,MIT,2019-01-04 15:09:03,2024-07-31 08:52:03,2024-07-08 15:25:17,532,1.0,25.0,13.0,50.0,15.0,16.0,161,2024-02-20 07:26:18,0.17.1,,,39.0,The programming interface for your body and mind.,,,7.0,13,True,others,2.0,
77,DistributedEvolutionaryComputation,Evolutionary-Intelligence/DistributedEvolutionaryComputation,https://github.com/Evolutionary-Intelligence/DistributedEvolutionaryComputation,https://github.com/Evolutionary-Intelligence/DistributedEvolutionaryComputation,CC0-1.0,2021-01-26 09:27:49,2024-08-10 14:30:57,2024-08-10 14:30:56,2727,363.0,32.0,2.0,47.0,,,112,,,,,,A (still growing) paper list of Evolutionary Computation (EC) published in some (rather all) top-tier (and also EC-..,,,14.0,13,False,others,2.0,
78,morphogenesis-resources,jasonwebb/morphogenesis-resources,https://github.com/jasonwebb/morphogenesis-resources,https://github.com/jasonwebb/morphogenesis-resources,,2019-04-23 00:42:15,2024-08-13 03:10:14,2024-08-13 03:10:11,223,5.0,108.0,105.0,8.0,25.0,12.0,2004,,,,,,"Resources on the topic of digital morphogenesis (creating form with code). Includes links to major articles, code..",,,7.0,12,False,others,2.0,
79,evolution-strategies-starter,openai/evolution-strategies-starter,https://github.com/openai/evolution-strategies-starter,https://github.com/openai/evolution-strategies-starter,MIT,2017-03-24 16:14:07,2019-10-31 09:20:13,2018-11-22 00:40:02,4,,277.0,244.0,2.0,15.0,7.0,1551,,,,,,Code for the paper Evolution Strategies as a Scalable Alternative to Reinforcement Learning.,,,2.0,12,False,others,2.0,
80,SPPO,uclaml/SPPO,https://github.com/uclaml/SPPO,https://github.com/uclaml/SPPO,Apache-2.0,2024-06-13 06:13:29,2024-08-04 04:19:06,2024-07-14 03:22:27,26,26.0,55.0,28.0,3.0,13.0,5.0,428,,,,,,The official implementation of Self-Play Preference Optimization (SPPO).,,,4.0,12,True,others,2.0,
81,humpday,microprediction/humpday,https://github.com/microprediction/humpday,https://github.com/microprediction/humpday,MIT,2020-10-23 18:58:25,2024-01-21 02:27:07,2024-01-21 02:27:07,300,,18.0,6.0,3.0,26.0,3.0,126,2023-03-05 02:32:22,0.7.1,,,19.0,Elo ratings for global black box derivative-free optimizers.,8.0,8.0,5.0,12,True,others,2.0,
82,fast-cma-es,dietmarwo/fast-cma-es,https://github.com/dietmarwo/fast-cma-es,https://github.com/dietmarwo/fast-cma-es,MIT,2020-01-14 12:22:14,2023-11-15 14:47:40,2023-11-15 14:46:48,950,,17.0,4.0,9.0,3.0,12.0,114,,,,,,A Python 3 gradient-free optimization library.,63.0,63.0,6.0,12,True,others,2.0,
83,design-bench,brandontrabucco/design-bench,https://github.com/brandontrabucco/design-bench,https://github.com/brandontrabucco/design-bench,MIT,2020-06-25 16:15:28,2024-04-21 15:51:41,2024-01-29 19:05:57,267,,16.0,5.0,7.0,14.0,4.0,80,2021-10-22 19:07:35,2_0_20,,,18.0,Benchmarks for Model-Based Optimization.,18.0,18.0,5.0,12,False,others,2.0,
84,optunahub,optuna/optunahub,https://github.com/optuna/optunahub,https://github.com/optuna/optunahub,MIT,2024-04-18 08:23:00,2024-08-13 08:06:26,2024-08-13 08:06:26,130,79.0,6.0,,48.0,,,29,,,,,2.0,Python library to use packages in OptunaHub.,3.0,3.0,3.0,12,False,others,2.0,
85,deep-neuroevolution,uber-research/deep-neuroevolution,https://github.com/uber-research/deep-neuroevolution,https://github.com/uber-research/deep-neuroevolution,,2018-01-04 01:12:25,2024-01-08 03:03:13,2019-10-24 16:07:15,38,,295.0,79.0,24.0,16.0,17.0,1624,,,,,,Deep Neuroevolution.,,,15.0,11,False,others,2.0,
86,estool,hardmaru/estool,https://github.com/hardmaru/estool,https://github.com/hardmaru/estool,,2017-10-29 07:20:10,2022-12-08 10:43:25,2022-01-20 15:40:02,76,,162.0,32.0,13.0,6.0,21.0,927,,,,,,Evolution Strategies Tool.,,,9.0,11,False,others,2.0,
87,arena,diambra/arena,https://github.com/diambra/arena,https://github.com/diambra/arena,,2021-01-26 12:24:04,2024-06-11 01:49:14,2024-06-11 01:49:14,748,1.0,22.0,9.0,70.0,3.0,41.0,307,,,,,,DIAMBRA Arena: a New Reinforcement Learning Platform for Research and Experimentation.,8.0,8.0,5.0,11,False,others,2.0,
88,AgentGym,WooooDyy/AgentGym,https://github.com/WooooDyy/AgentGym,https://github.com/WooooDyy/AgentGym,MIT,2024-05-27 08:00:04,2024-06-18 13:45:12,2024-06-18 13:45:01,31,31.0,33.0,3.0,16.0,7.0,5.0,289,,,,,,Code and implementations for the paper AgentGym: Evolving Large Language Model-based Agents across Diverse..,,,8.0,11,True,others,2.0,
89,sferes2,sferes2/sferes2,https://github.com/sferes2/sferes2,https://github.com/sferes2/sferes2,,2014-04-14 16:13:17,2022-07-11 19:57:13,2021-03-26 16:14:39,265,,34.0,23.0,46.0,15.0,49.0,161,,,,,,"A lightweight, generic C++11 framework for evolutionary computation.",,,9.0,11,False,others,2.0,
90,karoo_gp,kstaats/karoo_gp,https://github.com/kstaats/karoo_gp,https://github.com/kstaats/karoo_gp,,2015-10-22 10:29:52,2022-10-31 06:43:54,2022-10-31 06:43:43,286,,61.0,28.0,54.0,19.0,27.0,157,,,,,,A Genetic Programming platform for Python with TensorFlow for wicked-fast CPU and GPU support.,,,5.0,11,False,others,2.0,
91,evoplex,evoplex/evoplex,https://github.com/evoplex/evoplex,https://github.com/evoplex/evoplex,,2017-08-03 15:10:34,2019-09-17 05:57:29,2019-07-29 20:32:11,1003,,22.0,12.0,29.0,7.0,12.0,133,2018-10-23 00:57:18,0.2.1,5728.0,80.0,4.0,"Evoplex is a fast, robust and extensible platform for developing agent-based models and multi-agent systems on..",,,7.0,11,False,others,2.0,
92,GEFEST,aimclub/GEFEST,https://github.com/aimclub/GEFEST,https://github.com/aimclub/GEFEST,BSD-3-Clause,2021-11-03 14:39:42,2024-08-02 09:26:25,2024-08-02 09:26:21,40,1.0,7.0,4.0,59.0,9.0,9.0,53,2024-08-02 09:36:06,0.2.0,,,2.0,Toolbox for the generative design of geometrically-encoded physical objects using numerical modelling and evolutionary..,1.0,1.0,10.0,11,False,others,2.0,2.0
93,craftium,mikelma/craftium,https://github.com/mikelma/craftium,https://github.com/mikelma/craftium,,2024-06-04 14:48:25,2024-08-01 08:55:21,2024-07-21 15:24:44,11759,159.0,1.0,1.0,,1.0,,26,,,,,,An extensible framework for creating RL environments based on Minetest and Gymnasium.,,,990.0,11,False,others,2.0,
94,gomea,CWI-EvolutionaryIntelligence/gomea,https://github.com/CWI-EvolutionaryIntelligence/GOMEA,https://github.com/CWI-EvolutionaryIntelligence/GOMEA,MIT,2022-12-23 12:45:47,2024-08-06 12:42:17,2024-08-06 12:42:13,136,8.0,5.0,3.0,21.0,2.0,,21,2023-11-17 09:15:03,1.0.4,,,4.0,Library for optimization with the model-based evolutionary algorithm GOMEA (Gene-pool Optimal Mixing Evolutionary..,2.0,2.0,5.0,11,False,others,2.0,
95,NiaAML-GUI,firefly-cpp/NiaAML-GUI,https://github.com/firefly-cpp/NiaAML-GUI,https://github.com/firefly-cpp/NiaAML-GUI,MIT,2020-12-02 18:01:21,2024-08-13 14:39:49,2024-08-13 14:39:43,82,14.0,5.0,2.0,17.0,,8.0,4,2024-05-31 17:41:28,0.3.1,,,8.0,GUI for NiaAML Python package.,1.0,1.0,5.0,11,False,others,2.0,
96,self-parking-car-evolution,trekhleb/self-parking-car-evolution,https://github.com/trekhleb/self-parking-car-evolution,https://github.com/trekhleb/self-parking-car-evolution,MIT,2021-05-13 12:43:53,2022-10-21 20:27:26,2022-10-21 20:27:26,493,,79.0,16.0,2.0,9.0,3.0,727,,,,,,Training the car to do self-parking using a genetic algorithm.,,,2.0,10,False,others,3.0,
97,Solid,100/Solid,https://github.com/100/Solid,https://github.com/100/Solid,MIT,2017-06-12 05:02:08,2019-07-19 15:31:43,2017-09-01 00:37:38,50,,55.0,12.0,5.0,6.0,1.0,576,2017-06-19 07:34:34,0.11,,,2.0,A comprehensive gradient-free optimization framework written in Python.,,,4.0,10,False,others,3.0,
98,FeatureSelectionGA,kaushalshetty/FeatureSelectionGA,https://github.com/kaushalshetty/FeatureSelectionGA,https://github.com/kaushalshetty/FeatureSelectionGA,MIT,2017-11-12 18:32:44,2023-02-21 22:56:56,2020-09-30 18:27:29,36,,90.0,9.0,45.0,4.0,5.0,363,,,,,,Feature Selection using Genetic Algorithm (DEAP Framework).,,,6.0,10,False,others,3.0,
99,self-organising-systems,google-research/self-organising-systems,https://github.com/google-research/self-organising-systems,https://github.com/google-research/self-organising-systems,Apache-2.0,2020-02-04 08:05:08,2024-07-25 09:23:25,2024-07-25 09:23:22,99,4.0,65.0,21.0,9.0,3.0,1.0,302,2024-02-07 10:57:46,biomaker-v1.0.0,,,1.0,,,,8.0,10,False,others,3.0,
100,Gentopia,Gentopia-AI/Gentopia,https://github.com/Gentopia-AI/Gentopia,https://github.com/Gentopia-AI/Gentopia,MIT,2023-05-29 22:35:23,2023-11-27 02:42:21,2023-10-08 01:37:52,151,,40.0,2.0,60.0,2.0,3.0,290,2023-08-22 04:55:24,beta-release,,,1.0,Build Hierarchical Autonomous Agents through Config. Collaborative Growth of Specialized Agents.,2.0,2.0,7.0,10,True,others,3.0,
101,metaheuristics,thieu1995/metaheuristics,https://github.com/thieu1995/metaheuristics,https://github.com/thieu1995/metaheuristics,Apache-2.0,2019-05-16 13:07:01,2022-12-06 05:08:10,2022-12-06 05:08:10,62,,80.0,15.0,3.0,4.0,4.0,274,,,,,,Implement the-state-of-the-art meta-heuristic algorithms using python (numpy).,,,4.0,10,False,others,3.0,
102,Hands-On-Genetic-Algorithms-with-Python,PacktPublishing/Hands-On-Genetic-Algorithms-with-Python,https://github.com/PacktPublishing/Hands-On-Genetic-Algorithms-with-Python,https://github.com/PacktPublishing/Hands-On-Genetic-Algorithms-with-Python,MIT,2019-03-01 04:45:38,2023-01-30 10:14:05,2023-01-30 10:14:05,43,,139.0,16.0,4.0,1.0,4.0,257,,,,,,"Hands-On Genetic Algorithms with Python, Published by Packt.",,,5.0,10,False,others,3.0,
103,sparse-evolutionary-artificial-neural-networks,dcmocanu/sparse-evolutionary-artificial-neural-networks,https://github.com/dcmocanu/sparse-evolutionary-artificial-neural-networks,https://github.com/dcmocanu/sparse-evolutionary-artificial-neural-networks,MIT,2018-03-02 21:47:05,2021-07-21 20:27:10,2021-07-21 20:27:10,26,,59.0,23.0,1.0,1.0,1.0,239,,,,,,Always sparse. Never dense. But never say never. A Sparse Training repository for the Adaptive Sparse Connectivity..,,,,10,False,others,3.0,
104,Odyssey,zju-vipa/Odyssey,https://github.com/zju-vipa/Odyssey,https://github.com/zju-vipa/Odyssey,MIT,2024-06-12 21:50:58,2024-08-15 05:27:00,2024-08-15 05:27:00,108,108.0,10.0,2.0,1.0,,3.0,236,,,,,,Odyssey: Empowering Agents with Open-World Skills.,,,5.0,10,True,others,3.0,
105,Awesome-Evolutionary-Reinforcement-Learning,yeshenpy/Awesome-Evolutionary-Reinforcement-Learning,https://github.com/yeshenpy/Awesome-Evolutionary-Reinforcement-Learning,https://github.com/yeshenpy/Awesome-Evolutionary-Reinforcement-Learning,,2023-05-25 16:31:42,2024-07-29 11:13:06,2024-07-29 11:13:06,100,21.0,21.0,6.0,3.0,3.0,,165,,,,,,Research Papers and Code Repository on the Integration of Evolutionary Algorithms and Reinforcement Learning.,,,3.0,10,False,others,3.0,
106,biteopt,avaneev/biteopt,https://github.com/avaneev/biteopt,https://github.com/avaneev/biteopt,MIT,2016-07-13 17:18:21,2024-08-12 15:02:20,2024-08-12 15:02:14,408,6.0,9.0,13.0,,,5.0,137,,,,,,"Derivative-Free Global Optimization Method (C++, Python binding) - Continuous, Discrete, TSP, NLS, MINLP.",,,,10,True,others,3.0,
107,loss-of-plasticity,shibhansh/loss-of-plasticity,https://github.com/shibhansh/loss-of-plasticity,https://github.com/shibhansh/loss-of-plasticity,MIT,2022-10-13 18:36:40,2024-05-03 20:39:11,2024-01-19 22:16:52,53,,10.0,2.0,1.0,,3.0,48,2024-05-03 20:39:11,1.1,,,2.0,Demonstrations of Loss of Plasticity and Implementation of Continual Backpropagation.,4.0,4.0,4.0,10,False,others,3.0,
108,swarmopt,SioKCronin/swarmopt,https://github.com/SioKCronin/swarmopt,https://github.com/SioKCronin/swarmopt,MIT,2018-03-09 00:52:47,2024-06-11 19:44:43,2024-05-06 19:54:44,370,,11.0,7.0,4.0,5.0,4.0,32,,,,,,Swarm intelligence optimizer.,1.0,1.0,3.0,10,False,others,3.0,
109,SwarmRL,SwarmRL/SwarmRL,https://github.com/SwarmRL/SwarmRL,https://github.com/SwarmRL/SwarmRL,EPL-2.0,2023-03-08 15:15:17,2024-07-23 08:27:33,2024-07-23 08:27:29,658,4.0,8.0,1.0,75.0,9.0,9.0,24,,,,,,Multi agent reinforcement learning for intelligent active matter.,,,25.0,10,False,others,3.0,
110,easea,EASEA/easea,https://github.com/EASEA/easea,https://github.com/EASEA/easea,AGPL-3.0,2014-04-03 07:43:07,2023-10-26 12:21:28,2023-10-25 21:23:24,482,,11.0,2.0,33.0,11.0,35.0,18,2022-09-02 15:11:31,3.1.1,,,4.0,EASEA (EAsy Specification of Evolutionary Algorithms) is an Artificial Evolution platform developped by the SONIC..,,,38.0,10,False,others,3.0,
111,pba,arcelien/pba,https://github.com/arcelien/pba,https://github.com/arcelien/pba,Apache-2.0,2019-05-14 04:55:23,2019-10-27 16:50:25,2019-10-27 16:50:24,19,,84.0,20.0,8.0,11.0,19.0,503,,,,,,Efficient Learning of Augmentation Policy Schedules.,,,3.0,9,False,others,3.0,
112,OmniTokenizer,FoundationVision/OmniTokenizer,https://github.com/FoundationVision/OmniTokenizer,https://github.com/FoundationVision/OmniTokenizer,MIT,2024-06-13 15:08:47,2024-07-09 17:00:57,2024-07-09 17:00:51,15,15.0,4.0,4.0,1.0,6.0,11.0,211,,,,,,OmniTokenizer: one model and one weight for image-video joint tokenization.,,,3.0,9,False,others,3.0,
113,minimax,facebookresearch/minimax,https://github.com/facebookresearch/minimax,https://github.com/facebookresearch/minimax,Apache-2.0,2023-10-28 12:12:01,2024-08-04 20:52:39,2023-11-28 15:27:29,4,,13.0,7.0,4.0,4.0,,158,2023-11-22 03:40:55,0.1.0,,,1.0,Efficient baselines for autocurricula in JAX.,1.0,1.0,2.0,9,False,others,3.0,
114,loss-landscape-anim,logancyang/loss-landscape-anim,https://github.com/logancyang/loss-landscape-anim,https://github.com/logancyang/loss-landscape-anim,MIT,2021-01-04 21:42:13,2024-01-30 05:58:57,2024-01-30 05:38:21,64,,23.0,3.0,4.0,3.0,,131,2024-01-30 05:58:57,0.1.10,18.0,0.0,2.0,Create animations for the optimization trajectory of neural nets.,1.0,1.0,2.0,9,False,others,3.0,
115,evoxbench,EMI-Group/evoxbench,https://github.com/EMI-Group/evoxbench,https://github.com/EMI-Group/evoxbench,Apache-2.0,2022-08-10 07:40:11,2024-04-15 07:35:38,2024-04-15 07:35:32,107,,15.0,5.0,6.0,,7.0,80,,,,,,Transforming Neural Architecture Search (NAS) into multi-objective optimization problems. A benchmark suite for..,6.0,6.0,7.0,9,False,others,3.0,
116,quality-diversity.github.io,quality-diversity/quality-diversity.github.io,https://github.com/quality-diversity/quality-diversity.github.io,https://github.com/quality-diversity/quality-diversity.github.io,,2019-11-02 11:50:55,2024-07-25 13:20:55,2024-07-25 13:20:55,323,2.0,36.0,11.0,41.0,,4.0,41,,,,,,Website for Quality-Diversity optimisation algorithms.,,,28.0,9,False,others,3.0,
117,LLaMEA,nikivanstein/LLaMEA,https://github.com/nikivanstein/LLaMEA,https://github.com/nikivanstein/LLaMEA,MIT,2024-06-03 13:04:53,2024-08-09 10:35:39,2024-07-09 07:48:12,25,25.0,3.0,2.0,1.0,,,8,2024-07-09 07:49:17,0.9.2,,,3.0,Large Language Model Evolutionary Algorithm.,1.0,1.0,2.0,9,False,others,3.0,
118,opof,opoframework/opof,https://github.com/opoframework/opof,https://github.com/opoframework/opof,BSD-3-Clause,2022-12-18 18:53:05,2023-07-14 19:30:28,2023-07-14 19:30:27,23,,3.0,,6.0,,,4,2023-05-20 19:35:45,0.3.1,9.0,0.0,3.0,The Open Planner Optimization Framework (OPOF).,9.0,9.0,,9,False,others,3.0,
119,hypersweeper,automl/hypersweeper,https://github.com/automl/hypersweeper,https://github.com/automl/hypersweeper,,2024-02-13 11:02:19,2024-06-13 12:46:45,2024-06-05 11:43:12,72,19.0,1.0,5.0,1.0,9.0,6.0,2,2024-06-05 11:30:40,0.2.0,,,2.0,"Hydra sweeper integration of our favorite optimization packages, utilizing ask-and-tell interfaces.",3.0,3.0,3.0,9,False,others,3.0,
120,awesome-neural-geometry,neurreps/awesome-neural-geometry,https://github.com/neurreps/awesome-neural-geometry,https://github.com/neurreps/awesome-neural-geometry,,2022-07-31 01:19:57,2024-08-13 14:39:08,2024-07-17 18:47:49,124,2.0,56.0,28.0,13.0,,1.0,886,,,,,,"A curated collection of resources and research related to the geometry of representations in the brain, deep networks,..",,,11.0,8,False,others,3.0,
121,eai-vc,facebookresearch/eai-vc,https://github.com/facebookresearch/eai-vc,https://github.com/facebookresearch/eai-vc,,2023-03-21 17:23:57,2024-05-01 05:50:12,2023-07-19 23:45:59,17,,39.0,21.0,8.0,9.0,9.0,451,,,,,,The repository for the largest and most comprehensive empirical study of visual foundation models for Embodied AI (EAI).,,,6.0,8,False,others,3.0,
122,Machine-Mindset,PKU-YuanGroup/Machine-Mindset,https://github.com/PKU-YuanGroup/Machine-Mindset,https://github.com/PKU-YuanGroup/Machine-Mindset,Apache-2.0,2023-12-06 04:59:13,2024-02-02 02:53:05,2024-02-02 02:53:05,140,,19.0,6.0,2.0,,2.0,439,,,,,,An MBTI Exploration of Large Language Models.,,,4.0,8,False,others,3.0,
123,differentiable-plasticity,uber-research/differentiable-plasticity,https://github.com/uber-research/differentiable-plasticity,https://github.com/uber-research/differentiable-plasticity,,2018-03-28 15:42:06,2019-10-23 17:26:39,2019-10-23 17:26:33,48,,69.0,27.0,,3.0,5.0,399,,,,,,Implementations of the algorithms described in Differentiable plasticity: training plastic networks with gradient..,,,2.0,8,False,others,3.0,
124,alphastar,google-deepmind/alphastar,https://github.com/google-deepmind/alphastar,https://github.com/google-deepmind/alphastar,Apache-2.0,2022-08-05 14:11:00,2022-09-08 18:15:53,2022-07-21 17:51:14,42,,47.0,12.0,1.0,5.0,1.0,381,,,,,,,,,5.0,8,False,others,3.0,
125,EPG,openai/EPG,https://github.com/openai/EPG,https://github.com/openai/EPG,MIT,2018-02-23 00:54:49,2018-11-22 06:05:34,2018-11-22 06:05:33,3,,56.0,16.0,3.0,6.0,1.0,248,,,,,,Code for the paper Evolved Policy Gradients.,,,3.0,8,False,others,3.0,
126,NSGA-II,baopng/NSGA-II,https://github.com/baopng/NSGA-II,https://github.com/baopng/NSGA-II,,2018-05-01 10:18:39,2024-07-11 02:38:49,2024-07-11 02:38:49,13,2.0,47.0,5.0,2.0,,7.0,172,,,,,,Implementation of NSGA-II algorithm in form of a python library.,4.0,4.0,4.0,8,False,others,3.0,
127,awesome-open-ended,jennyzzt/awesome-open-ended,https://github.com/jennyzzt/awesome-open-ended,https://github.com/jennyzzt/awesome-open-ended,,2023-06-09 20:08:34,2024-07-02 16:23:33,2024-07-02 16:23:33,49,6.0,18.0,11.0,17.0,,,167,,,,,,Awesome Open-ended AI.,,,14.0,8,False,others,3.0,
128,GeneticAlgorithmForFeatureSelection,renatoosousa/GeneticAlgorithmForFeatureSelection,https://github.com/renatoosousa/GeneticAlgorithmForFeatureSelection,https://github.com/renatoosousa/GeneticAlgorithmForFeatureSelection,MIT,2018-05-17 02:16:56,2020-05-26 18:32:37,2018-05-24 15:53:19,15,,30.0,3.0,2.0,3.0,3.0,104,,,,,,Search the best feature subset for you classification mode.,,,,8,False,others,3.0,
129,EoH,FeiLiu36/EoH,https://github.com/FeiLiu36/EoH,https://github.com/FeiLiu36/EoH,MIT,2024-03-28 03:25:22,2024-08-09 03:14:30,2024-08-09 03:14:29,79,16.0,8.0,1.0,2.0,,7.0,68,,,,,,Evolution of Heuristics.,,,3.0,8,False,others,3.0,
130,Pruner-Zero,pprp/Pruner-Zero,https://github.com/pprp/Pruner-Zero,https://github.com/pprp/Pruner-Zero,MIT,2024-05-28 08:47:09,2024-06-14 01:36:09,2024-06-14 01:36:09,10,10.0,5.0,4.0,,6.0,,60,,,,,,Pruner-Zero: Evolving Symbolic Pruning Metric from scratch for LLMs.,,,,8,False,others,3.0,
131,Pearl,09tangriro/Pearl,https://github.com/09tangriro/Pearl,https://github.com/09tangriro/Pearl,MIT,2021-09-08 12:44:21,2022-05-09 12:55:24,2022-05-09 12:54:45,609,,1.0,1.0,7.0,4.0,,53,2022-05-09 12:55:24,0.4.1,,,8.0,Adaptable tools to make reinforcement learning and evolutionary computation algorithms.,1.0,1.0,2.0,8,False,others,3.0,
132,controllable-ncas,shyamsn97/controllable-ncas,https://github.com/shyamsn97/controllable-ncas,https://github.com/shyamsn97/controllable-ncas,MIT,2022-02-08 22:17:11,2022-05-31 03:57:53,2022-05-31 03:57:46,30,,4.0,5.0,1.0,,,50,,,,,,Code for Goal-Guided Neural Cellular Automata: Learning to Control Self-Organising Systems.,,,,8,False,others,3.0,
133,Bongard-LOGO,NVlabs/Bongard-LOGO,https://github.com/NVlabs/Bongard-LOGO,https://github.com/NVlabs/Bongard-LOGO,MIT,2020-08-19 01:46:43,2022-04-20 07:51:45,2022-03-06 07:28:32,18,,10.0,13.0,6.0,3.0,4.0,49,2020-10-02 22:16:10,0.0.1,,,1.0,Bongard-LOGO is a Python code repository with the purpose of generating synthetic Bongard problems on a large scale..,2.0,2.0,3.0,8,False,others,3.0,
134,EC-A-Modern-Perspective,Evolutionary-Intelligence/EC-A-Modern-Perspective,https://github.com/Evolutionary-Intelligence/EC-A-Modern-Perspective,https://github.com/Evolutionary-Intelligence/EC-A-Modern-Perspective,CC0-1.0,2023-07-11 13:19:41,2024-07-16 11:24:02,2024-07-16 11:24:01,711,21.0,7.0,4.0,2.0,,2.0,42,,,,,,"Evolutionary Computation: A Modern Perspective --- This is a free online book, which is actively updated now (from..",,,2.0,8,False,others,3.0,
135,project-origin,kourgeorge/project-origin,https://github.com/kourgeorge/project-origin,https://github.com/kourgeorge/project-origin,BSD-2-Clause,2018-07-19 17:30:04,2022-10-10 09:18:11,2021-11-04 09:12:36,201,,4.0,6.0,1.0,4.0,2.0,33,,,,,1.0,An Artificial Life simulator for Investigating Noogenesis.,,,3.0,8,False,others,3.0,
136,automated-interpretability,openai/automated-interpretability,https://github.com/openai/automated-interpretability,https://github.com/openai/automated-interpretability,,2023-05-08 21:24:11,2024-03-06 18:40:46,2024-03-06 18:40:46,27,,102.0,17.0,18.0,9.0,11.0,934,,,,,,,,,9.0,7,False,others,3.0,
137,multiagent-competition,openai/multiagent-competition,https://github.com/openai/multiagent-competition,https://github.com/openai/multiagent-competition,,2017-10-11 15:29:00,2023-04-02 11:57:48,2018-11-22 06:05:35,4,,146.0,48.0,3.0,11.0,2.0,801,,,,,,Code for the paper Emergent Complexity via Multi-agent Competition.,,,3.0,7,False,others,3.0,
138,algforopt-notebooks,algorithmsbooks/algforopt-notebooks,https://github.com/algorithmsbooks/algforopt-notebooks,https://github.com/algorithmsbooks/algforopt-notebooks,,2019-01-10 02:01:44,2022-04-10 19:21:37,2022-04-10 19:21:34,16,,105.0,28.0,,,11.0,402,,,,,,Jupyter notebooks associated with the Algorithms for Optimization textbook.,,,2.0,7,False,others,3.0,
139,ai-car-simulation,NeuralNine/ai-car-simulation,https://github.com/NeuralNine/ai-car-simulation,https://github.com/NeuralNine/ai-car-simulation,,2021-02-02 19:33:04,2024-06-03 20:39:10,2021-02-18 10:37:38,4,,132.0,5.0,3.0,9.0,1.0,244,,,,,,"A simple self-driving AI car game, which uses NEAT.",,,,7,False,others,3.0,
140,cellularAutomata,bollu/cellularAutomata,https://github.com/bollu/cellularAutomata,https://github.com/bollu/cellularAutomata,BSD-3-Clause,2016-02-11 14:06:20,2019-05-28 10:41:53,2019-05-28 10:41:52,43,,11.0,12.0,1.0,1.0,1.0,184,,,,,,a collection of cellular automata written in Haskell with Diagrams.,,,2.0,7,False,others,3.0,
141,fractal,Sohl-Dickstein/fractal,https://github.com/Sohl-Dickstein/fractal,https://github.com/Sohl-Dickstein/fractal,MIT,2024-02-09 04:25:12,2024-02-12 17:45:05,2024-02-12 17:45:05,18,,17.0,3.0,,,1.0,153,,,,,,The boundary of neural network trainability is fractal.,,,,7,False,others,3.0,
142,DeepACO,henry-yeh/DeepACO,https://github.com/henry-yeh/DeepACO,https://github.com/henry-yeh/DeepACO,MIT,2023-02-06 05:59:47,2024-03-21 16:08:57,2024-03-21 16:08:57,119,,19.0,4.0,1.0,,3.0,117,,,,,,[NeurIPS 2023] DeepACO: Neural-enhanced Ant Systems for Combinatorial Optimization.,,,2.0,7,False,others,3.0,
143,evogym-design-tool,EvolutionGym/evogym-design-tool,https://github.com/EvolutionGym/evogym-design-tool,https://github.com/EvolutionGym/evogym-design-tool,MIT,2021-09-09 03:04:08,2023-06-02 23:19:40,2022-01-30 19:07:24,26,,10.0,9.0,2.0,3.0,2.0,100,,,,,,Design tool for creating Evolution Gym environments.,,,3.0,7,False,others,3.0,
144,LLM4Opt,FeiLiu36/LLM4Opt,https://github.com/FeiLiu36/LLM4Opt,https://github.com/FeiLiu36/LLM4Opt,,2024-03-13 06:12:27,2024-08-15 07:19:42,2024-08-15 07:19:42,84,48.0,10.0,2.0,2.0,,4.0,91,,,,,,A Collection on Large Language Models for Optimization.,,,3.0,7,False,others,3.0,
145,evoagent,siyuyuan/evoagent,https://github.com/siyuyuan/evoagent,https://github.com/siyuyuan/evoagent,,2024-05-15 07:06:18,2024-07-12 01:54:48,2024-07-12 01:54:37,27,26.0,7.0,5.0,,,,67,,,,,,Resources for our paper: EvoAgent: Towards Automatic Multi-Agent Generation via Evolutionary Algorithms.,,,,7,False,others,3.0,
146,how-to-autorl,facebookresearch/how-to-autorl,https://github.com/facebookresearch/how-to-autorl,https://github.com/facebookresearch/how-to-autorl,Apache-2.0,2023-02-07 10:21:08,2023-11-27 09:24:01,2023-09-14 19:49:04,14,,11.0,4.0,19.0,4.0,,63,,,,,,Plug-and-play hydra sweepers for the EA-based multifidelity method DEHB and several population-based training..,,,4.0,7,False,others,3.0,
147,qbso-fs,amineremache/qbso-fs,https://github.com/amineremache/qbso-fs,https://github.com/amineremache/qbso-fs,MIT,2018-11-07 20:35:45,2020-03-30 09:47:03,2020-03-30 09:46:50,58,,17.0,5.0,,1.0,2.0,56,,,,,,Python implementation of QBSO-FS : a Reinforcement Learning based Bee Swarm Optimization metaheuristic for Feature..,,,,7,False,others,3.0,
148,evolvingrl,jcoreyes/evolvingrl,https://github.com/jcoreyes/evolvingrl,https://github.com/jcoreyes/evolvingrl,MIT,2021-03-15 19:14:28,2021-03-15 19:20:02,2021-03-15 19:20:02,5,,6.0,4.0,,1.0,,46,,,,,,Supplementary Data for Evolving Reinforcement Learning Algorithms.,,,,7,False,others,3.0,
149,neuroevobench,neuroevobench/neuroevobench,https://github.com/neuroevobench/neuroevobench,https://github.com/neuroevobench/neuroevobench,Apache-2.0,2022-03-02 18:07:45,2023-11-05 00:43:18,2023-11-05 00:43:14,70,,,3.0,,,,36,2023-06-12 14:37:12,.0.0.1,,,1.0,Neuroevolution Benchmark in JAX.,1.0,1.0,,7,False,others,3.0,
150,Data_Driven_Symbolic_Regression,sayin/Data_Driven_Symbolic_Regression,https://github.com/sayin/Data_Driven_Symbolic_Regression,https://github.com/sayin/Data_Driven_Symbolic_Regression,GPL-3.0,2019-12-12 16:48:58,2021-02-10 17:45:09,2021-02-10 17:45:08,52,,14.0,4.0,,2.0,,34,,,,,,Interpretable machine learning (symbolic regression) using Genetic programming/Gene expression programming and Sparse..,,,,7,False,others,3.0,
151,agenthive,facebookresearch/agenthive,https://github.com/facebookresearch/agenthive,https://github.com/facebookresearch/agenthive,,2022-12-20 10:00:42,2024-01-12 08:24:27,2023-11-24 22:26:48,197,,4.0,15.0,13.0,9.0,4.0,30,,,,,,AgentHive provides the primitives and helpers for a seamless usage of robohive within TorchRL.,,,8.0,7,False,others,3.0,
152,innovation-engine,Evolving-AI-Lab/innovation-engine,https://github.com/Evolving-AI-Lab/innovation-engine,https://github.com/Evolving-AI-Lab/innovation-engine,MIT,2015-09-16 05:27:02,2017-07-30 06:44:20,2017-07-30 06:44:19,15,,8.0,6.0,,1.0,,29,,,,,,Code base for Innovation Engines GECCO 2015 paper.,,,,7,False,others,3.0,
153,PAPA,SamsungSAILMontreal/PAPA,https://github.com/SamsungSAILMontreal/PAPA,https://github.com/SamsungSAILMontreal/PAPA,MIT,2023-04-06 13:47:22,2024-04-11 16:57:48,2024-04-11 16:57:48,17,,3.0,3.0,,,,25,,,,,,Repository for the PopulAtion Parameter Averaging (PAPA) paper.,,,,7,False,others,3.0,
154,ai-car-preference-learning,llama887/ai-car-preference-learning,https://github.com/llama887/ai-car-preference-learning,https://github.com/llama887/ai-car-preference-learning,,2024-05-20 19:02:16,2024-08-14 18:41:26,2024-08-01 15:09:28,151,147.0,,,5.0,,,4,,,,,,"A simple self-driving AI car game, which uses NEAT augmented for preference learning research.",,,3.0,7,False,others,3.0,
155,brainmagick,facebookresearch/brainmagick,https://github.com/facebookresearch/brainmagick,https://github.com/facebookresearch/brainmagick,,2023-06-19 13:27:30,2024-03-12 17:49:40,2024-03-12 17:49:40,6,,55.0,15.0,3.0,,4.0,390,,,,,,Training and evaluation pipeline for MEG and EEG brain signal encoding and decoding using deep learning. Code for our..,,,2.0,6,False,others,3.0,
156,Evolutionary-Reinforcement-Learning,ShawK91/Evolutionary-Reinforcement-Learning,https://github.com/ShawK91/Evolutionary-Reinforcement-Learning,https://github.com/ShawK91/Evolutionary-Reinforcement-Learning,,2018-10-19 23:38:05,2020-09-13 22:26:13,2020-09-13 22:25:50,14,,59.0,5.0,,3.0,1.0,210,,,,,,Codebase for Evolutionary Reinforcement Learning (ERL) from the paper Evolution-Guided Policy Gradients in..,,,,6,False,others,3.0,
157,ReConcile,dinobby/ReConcile,https://github.com/dinobby/ReConcile,https://github.com/dinobby/ReConcile,MIT,2023-09-24 22:21:37,2023-10-03 15:09:54,2023-09-26 03:15:36,5,,12.0,3.0,2.0,2.0,1.0,165,,,,,,,,,,6,False,others,3.0,
158,ELM,OpenDriveLab/ELM,https://github.com/OpenDriveLab/ELM,https://github.com/OpenDriveLab/ELM,,2024-02-22 21:50:05,2024-05-09 02:42:50,2024-05-09 02:42:50,48,,8.0,8.0,1.0,4.0,11.0,122,,,,,,[ECCV 2024] Embodied Understanding of Driving Scenarios.,,,6.0,6,False,others,3.0,
159,ENVISIONS,xufangzhi/ENVISIONS,https://github.com/xufangzhi/ENVISIONS,https://github.com/xufangzhi/ENVISIONS,,2024-04-28 06:05:22,2024-07-23 07:00:00,2024-07-23 07:00:00,58,53.0,3.0,2.0,1.0,,4.0,92,,,,,,A Neural-Symbolic Self-Training Framework.,,,2.0,6,False,others,3.0,
160,Python_Benchmark_Test_Optimization_Function_Single_Objective,AxelThevenot/Python_Benchmark_Test_Optimization_Function_Single_Objective,https://github.com/AxelThevenot/Python_Benchmark_Test_Optimization_Function_Single_Objective,https://github.com/AxelThevenot/Python_Benchmark_Test_Optimization_Function_Single_Objective,MIT,2020-12-31 14:10:42,2023-01-20 21:30:19,2023-01-20 21:30:19,16,,29.0,2.0,2.0,10.0,,79,,,,,,,,,3.0,6,False,others,3.0,
161,poppy,instadeepai/poppy,https://github.com/instadeepai/poppy,https://github.com/instadeepai/poppy,Apache-2.0,2022-09-29 11:55:46,2024-02-12 18:36:36,2024-02-12 17:42:13,1,,10.0,7.0,,,,64,,,,,,Population-Based Reinforcement Learning for Combinatorial Optimization.,,,,6,False,others,3.0,
162,PHUDGE,deshwalmahesh/PHUDGE,https://github.com/deshwalmahesh/PHUDGE,https://github.com/deshwalmahesh/PHUDGE,,2024-05-11 08:23:56,2024-07-10 19:26:39,2024-07-10 19:26:39,30,10.0,6.0,1.0,,1.0,,47,,,,,,"Official repo for the paper PHUDGE: Phi-3 as Scalable Judge. Evaluate your LLMs with or without custom rubric,..",,,,6,False,others,3.0,
163,intelligent-go-explore,conglu1997/intelligent-go-explore,https://github.com/conglu1997/intelligent-go-explore,https://github.com/conglu1997/intelligent-go-explore,MIT,2024-05-27 09:25:20,2024-06-07 07:40:59,2024-06-07 07:40:59,4,4.0,1.0,3.0,,1.0,,41,,,,,,Intelligent Go-Explore: Standing on the Shoulders of Giant Foundation Models.,,,,6,False,others,3.0,
164,esac,karush17/esac,https://github.com/karush17/esac,https://github.com/karush17/esac,MIT,2020-03-19 04:50:48,2024-07-25 10:59:00,2023-10-20 17:07:14,1,,5.0,9.0,2.0,,6.0,38,2020-06-29 03:04:28,1,4.0,0.0,1.0,Evolution-based Soft Actor-Critic (ESAC).,,,,6,False,others,3.0,
165,emergent_communication_at_scale,google-deepmind/emergent_communication_at_scale,https://github.com/google-deepmind/emergent_communication_at_scale,https://github.com/google-deepmind/emergent_communication_at_scale,Apache-2.0,2022-03-14 10:48:31,2024-07-30 21:41:17,2022-03-28 08:06:25,3,,5.0,5.0,1.0,3.0,1.0,32,,,,,,,,,,6,False,others,3.0,
166,ngc-museum,NACLab/ngc-museum,https://github.com/NACLab/ngc-museum,https://github.com/NACLab/ngc-museum,BSD-3-Clause,2024-03-30 05:03:52,2024-08-07 03:57:54,2024-07-04 22:53:35,129,29.0,1.0,2.0,5.0,,,8,,,,,,NGC Museum: Biomimetic Credit Assignment and Brain-Inspired Computing with NGC-Learn.,,,4.0,6,False,others,3.0,
167,EvoSOPS,DaymudeLab/EvoSOPS,https://github.com/DaymudeLab/EvoSOPS,https://github.com/DaymudeLab/EvoSOPS,MIT,2022-10-22 02:45:49,2024-06-05 11:36:30,2024-06-05 11:36:16,52,4.0,,2.0,6.0,2.0,5.0,6,,,,,,A genetic algorithm for discovering diverse and high performing distributed algorithms for collective behavior in..,,,,6,False,others,3.0,
168,Biological-Evolution,Evolutionary-Intelligence/Biological-Evolution,https://github.com/Evolutionary-Intelligence/Biological-Evolution,https://github.com/Evolutionary-Intelligence/Biological-Evolution,CC0-1.0,2024-02-20 09:18:10,2024-08-14 16:32:00,2024-08-14 16:32:00,89,8.0,1.0,3.0,,,,4,,,,,,Just for Fun on Evolution...,,,,6,False,others,3.0,2.0
169,platonic-rep,minyoungg/platonic-rep,https://github.com/minyoungg/platonic-rep,https://github.com/minyoungg/platonic-rep,,2024-05-11 23:54:18,2024-07-29 20:50:40,2024-07-29 20:50:27,32,2.0,22.0,12.0,,5.0,2.0,412,,,,,,,,,3.0,5,False,others,3.0,-2.0
170,HebbianMetaLearning,enajx/HebbianMetaLearning,https://github.com/enajx/HebbianMetaLearning,https://github.com/enajx/HebbianMetaLearning,,2020-06-13 10:00:21,2021-07-28 17:53:31,2021-07-28 17:53:31,19,,21.0,1.0,,,7.0,128,,,,,,Meta-Learning through Hebbian Plasticity in Random Networks: https://arxiv.org/abs/2007.02686.,,,,5,False,others,3.0,
171,Evocraft-py,real-itu/Evocraft-py,https://github.com/real-itu/Evocraft-py,https://github.com/real-itu/Evocraft-py,,2020-12-04 12:33:37,2022-07-08 09:02:56,2022-07-08 09:02:56,17,,16.0,8.0,2.0,2.0,4.0,124,,,,,,A Python interface for Minecraft built on gRPC.,,,4.0,5,False,others,3.0,
172,population-based-training,angusfung/population-based-training,https://github.com/angusfung/population-based-training,https://github.com/angusfung/population-based-training,,2018-03-20 02:34:02,2018-09-21 01:09:20,2018-09-21 01:09:19,83,,8.0,2.0,,2.0,,56,,,,,,Reproducing results from DeepMinds paper on Population Based Training of Neural Networks.,,,,5,False,others,3.0,
173,curiousreplay,AutonomousAgentsLab/curiousreplay,https://github.com/AutonomousAgentsLab/curiousreplay,https://github.com/AutonomousAgentsLab/curiousreplay,MIT,2023-05-04 23:08:34,2023-07-05 15:06:05,2023-07-05 15:06:05,7,,1.0,5.0,,,1.0,36,,,,,,Implementations of Curious Replay for model-based adaptation.,,,,5,False,others,3.0,
174,choreographer,mazpie/choreographer,https://github.com/mazpie/choreographer,https://github.com/mazpie/choreographer,MIT,2023-02-22 00:15:22,2024-06-18 13:42:28,2024-06-18 13:42:28,2,1.0,5.0,1.0,,1.0,,31,,,,,,"[ICLR 2023] Choreographer: a model-based agent that discovers and learns unsupervised skills in latent imagination,..",,,,5,False,others,3.0,
175,james,hdbeukel/james,https://github.com/hdbeukel/james,https://github.com/hdbeukel/james,,2014-01-20 14:34:15,2022-07-07 19:32:12,2016-08-16 09:29:57,865,,5.0,10.0,1.0,1.0,1.0,30,2016-08-16 08:11:29,1.2,96.0,0.0,5.0,A JAva MEtaheuristics Search framework.,,,2.0,5,False,others,3.0,
176,mastering-urlb,mazpie/mastering-urlb,https://github.com/mazpie/mastering-urlb,https://github.com/mazpie/mastering-urlb,MIT,2023-07-11 08:58:00,2024-02-27 22:29:49,2024-02-27 22:29:49,6,,6.0,2.0,1.0,,3.0,30,,,,,,"[ICML 2023] Pre-train world model-based agents with different unsupervised strategies, fine-tune the agents components..",,,2.0,5,False,others,3.0,
177,CMA-ES_with_Margin,EvoConJP/CMA-ES_with_Margin,https://github.com/EvoConJP/CMA-ES_with_Margin,https://github.com/EvoConJP/CMA-ES_with_Margin,MIT,2022-04-21 05:05:13,2024-03-20 05:43:12,2023-06-09 18:17:56,17,,1.0,3.0,1.0,,,28,,,,,,(GECCO 2022) CMA-ES with Margin: Lower-Bounding Marginal Probability for Mixed-Integer Black-Box Optimization.,,,2.0,5,False,others,3.0,
178,groove,EmptyJackson/groove,https://github.com/EmptyJackson/groove,https://github.com/EmptyJackson/groove,Apache-2.0,2023-10-04 12:03:10,2024-06-28 10:30:00,2024-06-28 10:29:58,20,2.0,4.0,4.0,1.0,,1.0,22,,,,,,Official implementation of the NeurIPS 2023 paper Discovering General Reinforcement Learning Algorithms with..,,,2.0,5,False,others,3.0,
179,dpop7,Evolutionary-Intelligence/dpop7,https://github.com/Evolutionary-Intelligence/dpop7,https://github.com/Evolutionary-Intelligence/dpop7,GPL-3.0,2023-08-03 00:21:03,2024-02-23 12:50:28,2024-02-23 12:50:28,206,,1.0,2.0,,,,19,,,,,,A ray-based library of Distributed POPulation-based OPtimization for Large-Scale Black-Box Optimization.,,,,5,False,others,3.0,
180,PCGNN,Michael-Beukman/PCGNN,https://github.com/Michael-Beukman/PCGNN,https://github.com/Michael-Beukman/PCGNN,MIT,2021-10-17 06:44:28,2022-10-04 11:25:15,2022-10-04 11:25:15,43,,,1.0,,,,14,,,,,,Combining NEAT and novelty search to quickly generate diverse video game levels (GECCO 2022)...,,,,5,False,others,3.0,
181,Leniabreeder,maxencefaldor/Leniabreeder,https://github.com/maxencefaldor/Leniabreeder,https://github.com/maxencefaldor/Leniabreeder,MIT,2024-05-31 08:55:32,2024-07-13 23:09:18,2024-07-13 23:08:25,11,11.0,1.0,1.0,,,,13,,,,,,Repository for Toward Artificial Open-Ended Evolution within Lenia using Quality-Diversity (ALIFE 2024).,,,,5,False,others,3.0,
182,lwm,princeton-nlp/lwm,https://github.com/princeton-nlp/lwm,https://github.com/princeton-nlp/lwm,GPL-3.0,2024-01-17 21:48:17,2024-02-10 02:53:57,2024-02-10 02:53:57,27,,2.0,8.0,,3.0,,12,,,,,,We develop world models that can be adapted with natural language. Intergrating these models into artificial agents..,,,7.0,5,False,others,3.0,
183,poprank,poprl/poprank,https://github.com/poprl/poprank,https://github.com/poprl/poprank,MIT,2023-03-24 17:22:12,2024-04-09 02:59:55,2024-04-09 02:59:53,201,,1.0,2.0,17.0,1.0,,4,,,,,1.0,,,,4.0,5,False,others,3.0,
184,model-evolution,duguodong7/model-evolution,https://github.com/duguodong7/model-evolution,https://github.com/duguodong7/model-evolution,Apache-2.0,2024-06-04 03:20:41,2024-06-06 15:45:04,2024-06-06 15:45:00,6,6.0,,,,,,4,,,,,,For paper Knowledge Fusion by Evolving Weights of Language Models.,,,,5,False,others,3.0,
185,alife_social,ALife-Newsletter/alife_social,https://github.com/ALife-Newsletter/alife_social,https://github.com/ALife-Newsletter/alife_social,,2024-06-10 00:59:38,2024-08-08 11:13:03,2024-08-08 11:13:03,32,32.0,3.0,2.0,3.0,,,4,,,,,,Places where to find fellow alifers.,,,5.0,5,False,others,3.0,
186,awesome-genetic-programming,hengzhe-zhang/awesome-genetic-programming,https://github.com/hengzhe-zhang/awesome-genetic-programming,https://github.com/hengzhe-zhang/awesome-genetic-programming,,2022-05-24 11:03:08,2024-04-08 13:04:15,2024-04-08 13:04:15,10,,6.0,2.0,,,4.0,45,,,,,,A curated list of resources for genetic programming.,,,,4,False,others,3.0,
187,Primordia,Chakazul/Primordia,https://github.com/Chakazul/Primordia,https://github.com/Chakazul/Primordia,,2018-11-29 02:24:50,2018-12-27 10:00:32,2018-12-27 10:00:31,5,,6.0,1.0,,,,27,,,,,,Conways Game of Life with multiple states. A precursor of Lenia.,,,,4,False,others,3.0,
188,MacGyver,allenai/MacGyver,https://github.com/allenai/MacGyver,https://github.com/allenai/MacGyver,Apache-2.0,2024-03-13 23:24:10,2024-03-26 21:16:22,2024-03-26 21:16:19,14,,2.0,3.0,,,,21,,,,,,Code and Data for the NAACL 24 paper: MacGyver: Are Large Language Models Creative Problem Solvers?.,,,2.0,4,False,others,3.0,
189,HarmonyDream,thuml/HarmonyDream,https://github.com/thuml/HarmonyDream,https://github.com/thuml/HarmonyDream,MIT,2024-06-04 02:45:20,2024-06-27 05:30:00,2024-06-27 05:30:00,5,5.0,,6.0,,,,18,,,,,,"Code release for HarmonyDream: Task Harmonization Inside World Models (ICML 2024), https://arxiv.org/abs/2310.00344.",,,2.0,4,False,others,3.0,
190,Evolved-Model-Agnostic-Loss,Decadz/Evolved-Model-Agnostic-Loss,https://github.com/Decadz/Evolved-Model-Agnostic-Loss,https://github.com/Decadz/Evolved-Model-Agnostic-Loss,MIT,2022-07-19 03:31:48,2024-08-05 02:38:05,2024-08-05 02:38:05,18,4.0,,2.0,,,1.0,12,,,,,,PyTorch code for the EvoMAL algorithm presented in Learning Symbolic Model-Agnostic Loss Functions via Meta-Learning..,,,,4,False,others,3.0,
191,QDAC,adaptive-intelligent-robotics/QDAC,https://github.com/adaptive-intelligent-robotics/QDAC,https://github.com/adaptive-intelligent-robotics/QDAC,MIT,2024-05-21 04:50:10,2024-06-16 13:10:39,2024-06-16 13:10:32,3,3.0,1.0,2.0,,,,10,,,,,,Repository for Quality-Diversity Actor-Critic: Learning High-Performing and Diverse Behaviors via Value and Successor..,,,,4,False,others,3.0,
192,cmoea,Evolving-AI-Lab/cmoea,https://github.com/Evolving-AI-Lab/cmoea,https://github.com/Evolving-AI-Lab/cmoea,MIT,2018-07-10 01:58:03,2018-07-11 02:18:54,2018-07-11 02:18:54,7,,,4.0,,,,7,,,,,,The source code of the CMOEA module.,,,2.0,4,False,others,3.0,
193,aevo,atomisticnet/aevo,https://github.com/atomisticnet/aevo,https://github.com/atomisticnet/aevo,MPL-2.0,2020-05-30 01:56:32,2020-05-30 23:27:17,2020-05-30 23:27:09,17,,1.0,3.0,,,,7,,,,,,Atomistic Evolution.,,,2.0,4,False,others,3.0,
194,synthpop,joelnmdyer/synthpop,https://github.com/joelnmdyer/synthpop,https://github.com/joelnmdyer/synthpop,MIT,2023-08-08 10:37:50,2024-02-07 10:33:40,2024-02-07 10:33:36,37,,1.0,1.0,,,1.0,6,2024-02-07 10:16:13,1.0.0,,,1.0,Populating agent-based models with agents who give rise to dynamics and scenarios of interest.,,,2.0,4,False,others,3.0,
195,Genetic_Algorithm,AxelThevenot/Genetic_Algorithm,https://github.com/AxelThevenot/Genetic_Algorithm,https://github.com/AxelThevenot/Genetic_Algorithm,MIT,2019-03-06 18:01:09,2019-03-20 15:26:34,2019-03-20 15:26:33,32,,1.0,2.0,,,,5,,,,,,,,,,4,False,others,3.0,
196,DenseFusion,baaivision/DenseFusion,https://github.com/baaivision/DenseFusion,https://github.com/baaivision/DenseFusion,,2024-07-05 04:12:23,2024-07-31 06:22:30,2024-07-31 06:20:25,6,6.0,1.0,4.0,,3.0,,96,,,,,,DenseFusion-1M: Merging Vision Experts for Comprehensive Multimodal Perception.,,,2.0,3,False,others,3.0,
197,EvoPrompt,beeevita/EvoPrompt,https://github.com/beeevita/EvoPrompt,https://github.com/beeevita/EvoPrompt,,2023-10-11 04:08:41,2024-05-29 03:59:28,2024-05-29 03:59:28,20,1.0,14.0,1.0,,4.0,4.0,88,,,,,,Official implementation of the paper Connecting Large Language Models with Evolutionary Algorithms Yields Powerful..,,,,3,False,others,3.0,
198,bgpbt,xingchenwan/bgpbt,https://github.com/xingchenwan/bgpbt,https://github.com/xingchenwan/bgpbt,,2022-06-22 00:24:34,2022-09-16 10:31:57,2022-09-16 10:30:58,13,,5.0,1.0,,1.0,,26,,,,,,[AutoML22] Bayesian Generational Population-based Training (BG-PBT).,,,2.0,3,False,others,3.0,
199,ControllingBehavioralDiversity,proroklab/ControllingBehavioralDiversity,https://github.com/proroklab/ControllingBehavioralDiversity,https://github.com/proroklab/ControllingBehavioralDiversity,,2023-06-22 09:26:17,2024-05-25 14:14:56,2024-05-25 14:14:50,5,3.0,1.0,3.0,,1.0,,13,,,,,,"This repository contains the code for Diversity Control (DiCo), a novel method to constrain behavioral diversity in..",,,,3,False,others,3.0,
200,hebo_on_bbob,dimitri-rusin/hebo_on_bbob,https://github.com/dimitri-rusin/hebo_on_bbob,https://github.com/dimitri-rusin/hebo_on_bbob,,2023-11-16 14:54:04,2023-11-20 15:39:40,2023-11-15 15:54:46,179,,,1.0,,,,6,,,,,,,,,18.0,3,False,others,3.0,
201,ES,enajx/ES,https://github.com/enajx/ES,https://github.com/enajx/ES,,2020-09-18 15:07:32,2021-01-10 16:04:41,2021-01-10 16:04:36,21,,2.0,1.0,,,,5,,,,,,Evolution Strategy (ES) implementation of https://arxiv.org/abs/1703.03864.,,,,3,False,others,3.0,
202,Bio-ANN,NeurAI-Lab/Bio-ANN,https://github.com/NeurAI-Lab/Bio-ANN,https://github.com/NeurAI-Lab/Bio-ANN,MIT,2023-04-13 14:39:52,2023-10-11 14:06:17,2023-10-11 14:06:17,6,,,2.0,,,,5,,,,,,The official repository for TMLR paper A Study of Biologically Plausible Neural Network: The Role and Interactions of..,,,2.0,3,False,others,3.0,
203,generative-ui-playbook,gordonbrander/generative-ui-playbook,https://github.com/gordonbrander/generative-ui-playbook,https://github.com/gordonbrander/generative-ui-playbook,CC-BY-4.0,2024-04-24 14:09:23,2024-05-21 14:54:44,2024-05-21 14:54:43,32,2.0,2.0,5.0,1.0,,,62,,,,,,,,,2.0,2,False,others,3.0,-2.0
204,HyperNCA,enajx/HyperNCA,https://github.com/enajx/HyperNCA,https://github.com/enajx/HyperNCA,,2022-02-24 17:51:39,2022-04-27 16:43:41,2022-04-27 16:43:41,10,,1.0,1.0,,,,33,,,,,,,,,,2,False,others,3.0,
205,lux-open,hanmochen/lux-open,https://github.com/hanmochen/lux-open,https://github.com/hanmochen/lux-open,,2022-10-31 07:52:37,2023-01-09 13:22:13,2023-01-09 13:21:48,2,,4.0,1.0,,,,24,,,,,,Emergent collective intelligence from massive-agent cooperation and competition.,,,2.0,2,False,others,3.0,
206,spotlight_hardware_designs,facebookresearch/spotlight_hardware_designs,https://github.com/facebookresearch/spotlight_hardware_designs,https://github.com/facebookresearch/spotlight_hardware_designs,CC-BY-4.0,2022-09-14 19:51:12,2023-03-23 22:04:39,2023-03-23 22:04:39,2,,1.0,11.0,2.0,,,13,,,,,,Partial set of hardware designs for a Meta-developed brain computer interface (BCI) research prototype system..,,,2.0,2,False,others,3.0,
207,MetaMetaLearning,ThomasMiconi/MetaMetaLearning,https://github.com/ThomasMiconi/MetaMetaLearning,https://github.com/ThomasMiconi/MetaMetaLearning,,2022-02-09 02:20:56,2022-09-01 22:52:19,2022-09-01 22:52:19,11,,2.0,2.0,,,,8,,,,,,Evolve plastic networks to be able to automatically acquire novel cognitive (meta-learning) tasks.,,,,2,False,others,3.0,
208,warehouse_env_gen_nca_public,lunjohnzhang/warehouse_env_gen_nca_public,https://github.com/lunjohnzhang/warehouse_env_gen_nca_public,https://github.com/lunjohnzhang/warehouse_env_gen_nca_public,,2023-10-25 07:32:04,2023-10-31 04:34:57,2023-10-31 04:34:56,13,,,1.0,,1.0,,8,,,,,,"Official implementation of the paper Arbitrarily Scalable Environment Generators via Neural Cellular Automata,..",,,,2,False,others,3.0,
209,moe-routing,ilyalasy/moe-routing,https://github.com/ilyalasy/moe-routing,https://github.com/ilyalasy/moe-routing,,2024-02-27 13:00:01,2024-03-22 12:13:25,2024-03-22 12:13:23,31,,,1.0,,,,8,,,,,,Analysis of token routing for different implementations of Mixture of Experts.,,,2.0,2,False,others,3.0,
210,MAZero,liuqh16/MAZero,https://github.com/liuqh16/MAZero,https://github.com/liuqh16/MAZero,GPL-3.0,2024-03-15 04:39:04,2024-05-08 21:14:53,2024-05-08 21:14:21,2,,2.0,4.0,,1.0,,7,,,,,,"Open-source codebase for MAZero, from Efficient Multi-agent Reinforcement Learning by Planning at ICLR 2024.",,,,2,False,others,3.0,
211,promptsearch,lukas/promptsearch,https://github.com/lukas/promptsearch,https://github.com/lukas/promptsearch,,2024-05-18 09:36:57,2024-06-27 15:48:25,2024-06-27 15:48:25,16,16.0,2.0,1.0,1.0,,,3,,,,,,some experiments with sweeping prompts.,,,2.0,2,False,others,3.0,
212,KAN-EA,hhyqhh/KAN-EA,https://github.com/hhyqhh/KAN-EA,https://github.com/hhyqhh/KAN-EA,,2024-05-24 14:42:40,2024-05-28 02:51:06,2024-05-28 02:26:01,6,6.0,6.0,1.0,,,,14,,,,,,,,,,1,False,others,3.0,
213,es-lottery,RobertTLange/es-lottery,https://github.com/RobertTLange/es-lottery,https://github.com/RobertTLange/es-lottery,,2022-12-02 15:58:46,2023-06-02 08:11:43,2023-06-02 08:11:33,2,,2.0,2.0,,,,13,,,,,,"Lottery Tickets in Evolutionary Optimization (Lange & Sprekeler, ICML 2023).",,,,1,False,others,3.0,
214,cultural-accumulation,FLAIROx/cultural-accumulation,https://github.com/FLAIROx/cultural-accumulation,https://github.com/FLAIROx/cultural-accumulation,,2024-05-29 19:01:28,2024-07-16 20:02:08,2024-06-11 15:33:53,11,9.0,4.0,5.0,1.0,1.0,1.0,11,,,,,,,,,2.0,1,False,others,3.0,
215,LearningToLearnCogTasks,ThomasMiconi/LearningToLearnCogTasks,https://github.com/ThomasMiconi/LearningToLearnCogTasks,https://github.com/ThomasMiconi/LearningToLearnCogTasks,,2023-05-26 16:14:43,2023-06-03 22:11:33,2023-06-03 22:11:33,8,,1.0,2.0,,,,9,,,,,,"Code for the ICML 2023 paper Learning to acquire novel cognitive tasks with evolution, plasticity and meta-meta-..",,,2.0,1,False,others,3.0,
216,procgen_autorl,jparkerholder/procgen_autorl,https://github.com/jparkerholder/procgen_autorl,https://github.com/jparkerholder/procgen_autorl,,2021-10-17 08:43:56,2021-12-13 10:55:00,2021-12-13 10:55:00,4,,1.0,1.0,,,,6,,,,,,,,,,1,False,others,3.0,
217,NEAT_RL,rwickman/NEAT_RL,https://github.com/rwickman/NEAT_RL,https://github.com/rwickman/NEAT_RL,,2023-01-10 03:24:20,2023-04-19 13:52:06,2023-04-19 13:52:06,49,,,2.0,,,,4,,,,,,,,,2.0,1,False,others,3.0,
218,Evaluate-n-Model-Social-Intelligence,bigai-ai/Evaluate-n-Model-Social-Intelligence,https://github.com/bigai-ai/Evaluate-n-Model-Social-Intelligence,https://github.com/bigai-ai/Evaluate-n-Model-Social-Intelligence,MIT,2024-05-20 07:44:54,2024-05-20 08:02:35,2024-05-20 07:48:05,1,1.0,1.0,7.0,,,,4,,,,,,,,,,1,False,others,3.0,
219,Hierarchy,Evolutionary-Intelligence/Hierarchy,https://github.com/Evolutionary-Intelligence/Hierarchy,https://github.com/Evolutionary-Intelligence/Hierarchy,CC0-1.0,2024-02-29 11:08:38,2024-03-06 09:51:09,2024-03-06 09:51:09,18,,,2.0,,,,2,,,,,,,,,,1,False,others,3.0,
220,BPT-VLM,ECNU-ICALK/BPT-VLM,https://github.com/ECNU-ICALK/BPT-VLM,https://github.com/ECNU-ICALK/BPT-VLM,,2023-04-26 11:08:01,2023-09-18 12:26:58,2023-09-18 12:26:58,2,,2.0,1.0,,,1.0,13,,,,,,[IJCAI 2023] Black-box Prompt Tuning for Vision-Language Model as a Service.,,,,0,False,others,,
221,Noise-Reuse-Evolution-Strategies,OscarcarLi/Noise-Reuse-Evolution-Strategies,https://github.com/OscarcarLi/Noise-Reuse-Evolution-Strategies,https://github.com/OscarcarLi/Noise-Reuse-Evolution-Strategies,,2023-04-15 15:13:10,2023-12-21 22:09:03,2023-12-21 22:09:03,4,,,2.0,,,1.0,4,,,,,,,,,,0,False,others,,
222,alife2023,evoising/alife2023,https://github.com/evoising/alife2023,https://github.com/evoising/alife2023,,2023-05-07 19:39:51,2023-07-25 19:53:31,2023-07-25 19:53:18,15,,1.0,1.0,,,,3,,,,,,,,,2.0,0,False,others,,
223,diversity_metrics,CarperAI/diversity_metrics,https://github.com/CarperAI/diversity_metrics,https://github.com/CarperAI/diversity_metrics,,2023-07-05 19:58:05,2023-08-10 18:51:55,2023-08-10 18:51:53,11,,,1.0,,,,1,,,,,,,,,,0,False,others,,
